,CNTY_x,COLOR,PREC,PCTKEY_x,CNTYKEY,G18VR,G18SSVR,G18USSRCRU_x,G18USSDORO_x,G18USSLDIK_x,G18GOVRABB_x,G18GOVDVAL_x,G18GOVLTIP_x,G18LTGRPAT_x,G18LTGDCOL_x,G18LTGLMCK_x,G18ATGRPAX_x,G18ATGDNEL_x,G18ATGLHAR_x,G18COMRHEG_x,G18COMDCHE_x,G18COMLSAN_x,G18LANRBUS_x,G18LANDSUA_x,G18LANLPIN_x,G18AGRRMIL_x,G18AGRDOLS_x,G18AGRLCAR_x,G18RRCRCRA_x,G18RRCDMCA_x,G18RRCLWRI_x,G18SSCRBLA_x,G18SSCDKIR_x,G18SSCRDEV_x,G18SSCDSAN_x,G18SSCRBRO_x,G18SSCDCHE_x,G18SCCRKEL_x,G18SCCDJAC_x,G18SCCLSTR_x,G18SCCRHER_x,G18SCCDFRA_x,G18SCCRSLA_x,G18SCCLASH_x,geometry,join_col,CNTYVTD,VTDKEY,G18USSRCRU_y,G18USSDORO_y,G18USSLDIK_y,G18GOVRABB_y,G18GOVDVAL_y,G18GOVLTIP_y,G18LTGRPAT_y,G18LTGDCOL_y,G18LTGLMCK_y,G18ATGRPAX_y,G18ATGDNEL_y,G18ATGLHAR_y,G18COMRHEG_y,G18COMDCHE_y,G18COMLSAN_y,G18LANRBUS_y,G18LANDSUA_y,G18LANLPIN_y,G18AGRRMIL_y,G18AGRDOLS_y,G18AGRLCAR_y,G18RRCRCRA_y,G18RRCDMCA_y,G18RRCLWRI_y,G18SSCRBLA_y,G18SSCDKIR_y,G18SSCRDEV_y,G18SSCDSAN_y,G18SSCRBRO_y,G18SSCDCHE_y,G18SCCRKEL_y,G18SCCDJAC_y,G18SCCLSTR_y,G18SCCRHER_y,G18SCCDFRA_y,G18SCCRSLA_y,G18SCCLASH_y,CNTY_y,PCTKEY_y,_merge
8695,,,,,,,,,,,,,,,,,,,,,,,,,,,,,,,,,,,,,,,,,,,,,,0050008A,0050008A,34.0,408.0,50.0,2.0,411.0,43.0,4.0,373.0,76.0,7.0,394.0,54.0,4.0,394.0,45.0,7.0,396.0,45.0,12.0,396.0,46.0,8.0,397.0,44.0,8.0,399.0,49.0,403.0,46.0,404.0,46.0,399.0,43.0,7.0,397.0,48.0,399.0,25.0,005,0050008A,right_only
8696,,,,,,,,,,,,,,,,,,,,,,,,,,,,,,,,,,,,,,,,,,,,,,0050008B,0050008B,35.0,261.0,32.0,1.0,262.0,26.0,3.0,237.0,47.0,5.0,252.0,36.0,5.0,255.0,27.0,6.0,255.0,26.0,8.0,254.0,29.0,6.0,255.0,26.0,6.0,255.0,32.0,258.0,29.0,258.0,28.0,256.0,26.0,5.0,256.0,31.0,256.0,16.0,005,0050008B,right_only
8697,,,,,,,,,,,,,,,,,,,,,,,,,,,,,,,,,,,,,,,,,,,,,,0050010A,0050010A,37.0,226.0,201.0,1.0,232.0,194.0,4.0,216.0,208.0,6.0,221.0,203.0,3.0,220.0,196.0,8.0,219.0,195.0,9.0,219.0,199.0,7.0,218.0,199.0,9.0,223.0,200.0,224.0,199.0,226.0,198.0,218.0,199.0,5.0,224.0,200.0,233.0,52.0,005,0050010A,right_only
8698,,,,,,,,,,,,,,,,,,,,,,,,,,,,,,,,,,,,,,,,,,,,,,0050010B,0050010B,38.0,27.0,25.0,0.0,28.0,24.0,0.0,26.0,25.0,0.0,27.0,25.0,0.0,27.0,24.0,0.0,27.0,24.0,1.0,27.0,24.0,0.0,26.0,24.0,1.0,27.0,24.0,27.0,24.0,28.0,24.0,26.0,24.0,0.0,27.0,25.0,28.0,5.0,005,0050010B,right_only
8699,,,,,,,,,,,,,,,,,,,,,,,,,,,,,,,,,,,,,,,,,,,,,,0050028A,0050028A,56.0,478.0,122.0,5.0,494.0,102.0,8.0,450.0,137.0,15.0,469.0,115.0,17.0,487.0,95.0,17.0,473.0,107.0,20.0,478.0,107.0,15.0,479.0,102.0,17.0,488.0,108.0,490.0,104.0,486.0,109.0,487.0,100.0,11.0,489.0,105.0,501.0,45.0,005,0050028A,right_only
8700,,,,,,,,,,,,,,,,,,,,,,,,,,,,,,,,,,,,,,,,,,,,,,0050028B,0050028B,57.0,55.0,14.0,1.0,57.0,11.0,1.0,51.0,15.0,2.0,53.0,14.0,2.0,55.0,11.0,2.0,54.0,13.0,2.0,54.0,12.0,2.0,55.0,11.0,2.0,56.0,12.0,56.0,12.0,56.0,12.0,56.0,11.0,1.0,56.0,12.0,59.0,4.0,005,0050028B,right_only
8701,,,,,,,,,,,,,,,,,,,,,,,,,,,,,,,,,,,,,,,,,,,,,,0170004A,0170004A,142.0,108.0,90.0,2.0,104.0,89.0,5.0,98.0,93.0,4.0,92.0,91.0,7.0,91.0,84.0,12.0,100.0,82.0,7.0,95.0,86.0,5.0,91.0,91.0,2.0,88.0,97.0,92.0,93.0,91.0,95.0,91.0,89.0,6.0,92.0,94.0,105.0,34.0,017,0170004A,right_only
8702,,,,,,,,,,,,,,,,,,,,,,,,,,,,,,,,,,,,,,,,,,,,,,0170004B,0170004B,143.0,6.0,5.0,0.0,6.0,5.0,0.0,6.0,4.0,0.0,6.0,4.0,0.0,6.0,4.0,1.0,6.0,4.0,1.0,6.0,4.0,0.0,5.0,5.0,0.0,5.0,5.0,5.0,4.0,5.0,5.0,5.0,5.0,0.0,5.0,5.0,6.0,2.0,017,0170004B,right_only
8703,,,,,,,,,,,,,,,,,,,,,,,,,,,,,,,,,,,,,,,,,,,,,,0211022,0211022,158.0,983.0,754.0,12.0,1081.0,633.0,33.0,965.0,730.0,49.0,947.0,736.0,59.0,1026.0,631.0,67.0,1022.0,632.0,76.0,950.0,713.0,60.0,985.0,657.0,77.0,1008.0,707.0,1017.0,691.0,1008.0,700.0,994.0,668.0,54.0,1029.0,686.0,1087.0,359.0,021,0211022,right_only
8704,,,,,,,,,,,,,,,,,,,,,,,,,,,,,,,,,,,,,,,,,,,,,,0291030A,0291030A,274.0,8.0,9.0,0.0,8.0,7.0,2.0,7.0,7.0,3.0,9.0,7.0,1.0,8.0,6.0,3.0,7.0,7.0,3.0,9.0,7.0,1.0,8.0,7.0,2.0,9.0,8.0,9.0,8.0,9.0,8.0,7.0,8.0,2.0,9.0,8.0,7.0,7.0,029,0291030A,right_only
8705,,,,,,,,,,,,,,,,,,,,,,,,,,,,,,,,,,,,,,,,,,,,,,0291064A,0291064A,309.0,231.0,273.0,5.0,254.0,244.0,8.0,236.0,255.0,14.0,226.0,266.0,12.0,219.0,253.0,29.0,236.0,244.0,26.0,225.0,259.0,20.0,224.0,261.0,21.0,225.0,276.0,233.0,265.0,229.0,271.0,222.0,263.0,16.0,232.0,269.0,271.0,93.0,029,0291064A,right_only
8706,,,,,,,,,,,,,,,,,,,,,,,,,,,,,,,,,,,,,,,,,,,,,,0291147,0291147,393.0,363.0,804.0,12.0,449.0,701.0,24.0,404.0,738.0,31.0,372.0,759.0,40.0,378.0,719.0,62.0,403.0,708.0,56.0,367.0,761.0,33.0,386.0,734.0,41.0,387.0,773.0,395.0,766.0,389.0,770.0,370.0,753.0,36.0,395.0,762.0,486.0,367.0,029,0291147,right_only
8707,,,,,,,,,,,,,,,,,,,,,,,,,,,,,,,,,,,,,,,,,,,,,,0291148,0291148,394.0,56.0,125.0,2.0,69.0,109.0,3.0,60.0,116.0,5.0,56.0,120.0,5.0,55.0,116.0,7.0,60.0,112.0,6.0,55.0,120.0,5.0,59.0,116.0,6.0,59.0,122.0,60.0,120.0,59.0,123.0,55.0,119.0,6.0,59.0,122.0,70.0,49.0,029,0291148,right_only
8708,,,,,,,,,,,,,,,,,,,,,,,,,,,,,,,,,,,,,,,,,,,,,,0291149,0291149,395.0,303.0,680.0,8.0,368.0,600.0,19.0,332.0,634.0,22.0,312.0,652.0,24.0,319.0,618.0,39.0,342.0,607.0,30.0,305.0,652.0,23.0,327.0,623.0,28.0,316.0,661.0,331.0,647.0,319.0,659.0,309.0,643.0,27.0,323.0,652.0,401.0,289.0,029,0291149,right_only
8709,,,,,,,,,,,,,,,,,,,,,,,,,,,,,,,,,,,,,,,,,,,,,,0291150,0291150,396.0,353.0,644.0,8.0,438.0,553.0,11.0,382.0,593.0,27.0,352.0,619.0,27.0,356.0,589.0,46.0,386.0,575.0,35.0,349.0,615.0,28.0,365.0,592.0,37.0,368.0,626.0,383.0,610.0,375.0,619.0,353.0,612.0,26.0,379.0,613.0,452.0,276.0,029,0291150,right_only
8710,,,,,,,,,,,,,,,,,,,,,,,,,,,,,,,,,,,,,,,,,,,,,,0291151,0291151,397.0,285.0,420.0,9.0,339.0,354.0,17.0,306.0,387.0,19.0,293.0,399.0,21.0,302.0,372.0,33.0,315.0,359.0,34.0,289.0,394.0,22.0,303.0,379.0,24.0,307.0,399.0,311.0,395.0,303.0,403.0,297.0,387.0,21.0,310.0,393.0,364.0,191.0,029,0291151,right_only
8711,,,,,,,,,,,,,,,,,,,,,,,,,,,,,,,,,,,,,,,,,,,,,,0292039A,0292039A,436.0,117.0,583.0,7.0,149.0,535.0,16.0,136.0,542.0,17.0,120.0,553.0,23.0,127.0,531.0,32.0,145.0,522.0,29.0,114.0,549.0,25.0,130.0,539.0,18.0,124.0,568.0,134.0,554.0,124.0,563.0,124.0,542.0,22.0,128.0,562.0,192.0,212.0,029,0292039A,right_only
8712,,,,,,,,,,,,,,,,,,,,,,,,,,,,,,,,,,,,,,,,,,,,,,0293086A,0293086A,644.0,619.0,562.0,8.0,680.0,482.0,25.0,620.0,542.0,15.0,604.0,548.0,20.0,654.0,489.0,26.0,655.0,473.0,47.0,601.0,545.0,24.0,664.0,479.0,27.0,639.0,524.0,662.0,500.0,658.0,503.0,628.0,511.0,18.0,672.0,487.0,749.0,258.0,029,0293086A,right_only
8713,,,,,,,,,,,,,,,,,,,,,,,,,,,,,,,,,,,,,,,,,,,,,,0293106A,0293106A,665.0,684.0,405.0,8.0,736.0,348.0,12.0,696.0,380.0,18.0,650.0,405.0,36.0,692.0,350.0,37.0,688.0,339.0,56.0,659.0,399.0,29.0,710.0,345.0,32.0,687.0,394.0,705.0,375.0,713.0,368.0,682.0,375.0,26.0,714.0,365.0,756.0,193.0,029,0293106A,right_only
8714,,,,,,,,,,,,,,,,,,,,,,,,,,,,,,,,,,,,,,,,,,,,,,0293125A,0293125A,685.0,1162.0,853.0,16.0,1298.0,701.0,31.0,1226.0,753.0,44.0,1168.0,803.0,52.0,1217.0,725.0,67.0,1263.0,679.0,72.0,1175.0,787.0,52.0,1239.0,707.0,66.0,1229.0,776.0,1251.0,751.0,1234.0,770.0,1197.0,747.0,54.0,1243.0,755.0,1336.0,373.0,029,0293125A,right_only
8715,,,,,,,,,,,,,,,,,,,,,,,,,,,,,,,,,,,,,,,,,,,,,,0293125B,0293125B,686.0,3.0,1.0,0.0,3.0,1.0,0.0,3.0,1.0,0.0,3.0,1.0,0.0,3.0,1.0,0.0,3.0,1.0,0.0,3.0,1.0,0.0,3.0,1.0,0.0,3.0,1.0,3.0,1.0,3.0,1.0,3.0,1.0,0.0,3.0,1.0,3.0,0.0,029,0293125B,right_only
8716,,,,,,,,,,,,,,,,,,,,,,,,,,,,,,,,,,,,,,,,,,,,,,0293199A,0293199A,760.0,1041.0,797.0,11.0,1158.0,655.0,28.0,1078.0,729.0,30.0,1050.0,752.0,31.0,1110.0,676.0,36.0,1159.0,623.0,48.0,1069.0,722.0,32.0,1106.0,679.0,36.0,1079.0,737.0,1099.0,719.0,1084.0,732.0,1074.0,707.0,35.0,1108.0,705.0,1215.0,349.0,029,0293199A,right_only
8717,,,,,,,,,,,,,,,,,,,,,,,,,,,,,,,,,,,,,,,,,,,,,,0293206A,0293206A,768.0,5.0,56.0,1.0,8.0,52.0,2.0,6.0,53.0,1.0,5.0,53.0,3.0,7.0,52.0,1.0,9.0,49.0,2.0,6.0,51.0,3.0,8.0,53.0,0.0,8.0,52.0,8.0,52.0,10.0,51.0,7.0,53.0,0.0,9.0,51.0,13.0,22.0,029,0293206A,right_only
8718,,,,,,,,,,,,,,,,,,,,,,,,,,,,,,,,,,,,,,,,,,,,,,0293209,0293209,773.0,340.0,240.0,5.0,373.0,196.0,14.0,351.0,222.0,11.0,337.0,232.0,14.0,361.0,200.0,15.0,376.0,180.0,23.0,347.0,216.0,13.0,363.0,193.0,18.0,353.0,217.0,366.0,203.0,361.0,208.0,352.0,206.0,12.0,361.0,206.0,401.0,91.0,029,0293209,right_only
8719,,,,,,,,,,,,,,,,,,,,,,,,,,,,,,,,,,,,,,,,,,,,,,0293210,0293210,774.0,540.0,539.0,8.0,615.0,449.0,21.0,557.0,496.0,25.0,537.0,514.0,26.0,585.0,449.0,33.0,605.0,438.0,30.0,545.0,501.0,23.0,586.0,456.0,26.0,570.0,492.0,579.0,482.0,579.0,485.0,560.0,480.0,26.0,587.0,475.0,651.0,236.0,029,0293210,right_only
8720,,,,,,,,,,,,,,,,,,,,,,,,,,,,,,,,,,,,,,,,,,,,,,0294007A,0294007A,781.0,173.0,196.0,6.0,189.0,169.0,13.0,178.0,181.0,12.0,174.0,182.0,10.0,177.0,165.0,24.0,195.0,158.0,14.0,175.0,181.0,12.0,184.0,163.0,17.0,181.0,185.0,183.0,183.0,185.0,181.0,176.0,174.0,17.0,181.0,185.0,209.0,108.0,029,0294007A,right_only
8721,,,,,,,,,,,,,,,,,,,,,,,,,,,,,,,,,,,,,,,,,,,,,,0294213,0294213,991.0,0.0,1.0,0.0,0.0,1.0,0.0,0.0,1.0,0.0,0.0,1.0,0.0,0.0,1.0,0.0,0.0,1.0,0.0,0.0,1.0,0.0,0.0,1.0,0.0,0.0,1.0,0.0,1.0,0.0,1.0,0.0,1.0,0.0,0.0,1.0,0.0,0.0,029,0294213,right_only
8722,,,,,,,,,,,,,,,,,,,,,,,,,,,,,,,,,,,,,,,,,,,,,,0330004A,0330004A,998.0,53.0,2.0,0.0,53.0,2.0,0.0,46.0,8.0,0.0,50.0,4.0,0.0,51.0,2.0,0.0,50.0,4.0,0.0,52.0,3.0,0.0,53.0,2.0,0.0,52.0,2.0,52.0,2.0,52.0,2.0,51.0,2.0,0.0,52.0,2.0,51.0,2.0,033,0330004A,right_only
8723,,,,,,,,,,,,,,,,,,,,,,,,,,,,,,,,,,,,,,,,,,,,,,0330004B,0330004B,999.0,30.0,2.0,0.0,30.0,1.0,0.0,27.0,4.0,0.0,29.0,2.0,0.0,29.0,1.0,1.0,28.0,2.0,1.0,29.0,2.0,0.0,29.0,2.0,1.0,29.0,2.0,29.0,2.0,29.0,2.0,29.0,2.0,0.0,29.0,2.0,29.0,1.0,033,0330004B,right_only
8724,,,,,,,,,,,,,,,,,,,,,,,,,,,,,,,,,,,,,,,,,,,,,,033002AA,033002AA,1002.0,58.0,4.0,0.0,59.0,3.0,0.0,54.0,6.0,0.0,52.0,6.0,2.0,52.0,3.0,3.0,53.0,4.0,3.0,54.0,4.0,1.0,53.0,4.0,1.0,55.0,4.0,53.0,4.0,53.0,4.0,52.0,4.0,1.0,53.0,4.0,53.0,3.0,033,033002AA,right_only
8725,,,,,,,,,,,,,,,,,,,,,,,,,,,,,,,,,,,,,,,,,,,,,,033002AB,033002AB,1003.0,14.0,1.0,0.0,15.0,0.0,0.0,13.0,1.0,0.0,14.0,1.0,0.0,13.0,0.0,1.0,13.0,1.0,0.0,13.0,1.0,0.0,13.0,1.0,0.0,14.0,0.0,14.0,0.0,12.0,1.0,14.0,0.0,0.0,14.0,0.0,14.0,0.0,033,033002AB,right_only
8726,,,,,,,,,,,,,,,,,,,,,,,,,,,,,,,,,,,,,,,,,,,,,,0350008A,0350008A,1014.0,1069.0,293.0,10.0,1131.0,220.0,22.0,1014.0,314.0,33.0,1030.0,292.0,32.0,1056.0,227.0,51.0,1079.0,220.0,50.0,1054.0,263.0,29.0,1086.0,221.0,34.0,1070.0,257.0,1072.0,246.0,1062.0,255.0,1056.0,244.0,32.0,1088.0,238.0,1131.0,115.0,035,0350008A,right_only
8727,,,,,,,,,,,,,,,,,,,,,,,,,,,,,,,,,,,,,,,,,,,,,,0350008B,0350008B,1015.0,2.0,0.0,0.0,2.0,0.0,0.0,1.0,0.0,0.0,1.0,0.0,0.0,1.0,0.0,0.0,1.0,0.0,0.0,1.0,0.0,0.0,1.0,0.0,0.0,1.0,0.0,1.0,0.0,1.0,0.0,1.0,0.0,0.0,1.0,0.0,1.0,0.0,035,0350008B,right_only
8728,,,,,,,,,,,,,,,,,,,,,,,,,,,,,,,,,,,,,,,,,,,,,,0390018,0390018,1078.0,1787.0,804.0,20.0,1887.0,694.0,32.0,1765.0,778.0,62.0,1766.0,776.0,53.0,1812.0,702.0,74.0,1812.0,689.0,87.0,1764.0,772.0,50.0,1816.0,712.0,58.0,1834.0,749.0,1835.0,745.0,1838.0,745.0,1795.0,729.0,59.0,1835.0,740.0,1919.0,406.0,039,0390018,right_only
8729,,,,,,,,,,,,,,,,,,,,,,,,,,,,,,,,,,,,,,,,,,,,,,0390037,0390037,1097.0,940.0,628.0,11.0,1009.0,546.0,22.0,944.0,596.0,34.0,923.0,606.0,36.0,948.0,551.0,59.0,952.0,559.0,59.0,917.0,610.0,33.0,947.0,562.0,47.0,960.0,601.0,966.0,597.0,961.0,600.0,943.0,582.0,40.0,968.0,591.0,1033.0,354.0,039,0390037,right_only
8730,,,,,,,,,,,,,,,,,,,,,,,,,,,,,,,,,,,,,,,,,,,,,,0390041,0390041,1101.0,489.0,682.0,6.0,570.0,584.0,17.0,513.0,635.0,24.0,493.0,649.0,28.0,527.0,601.0,31.0,539.0,597.0,30.0,495.0,650.0,17.0,532.0,602.0,28.0,521.0,640.0,521.0,640.0,527.0,634.0,516.0,625.0,22.0,537.0,620.0,617.0,342.0,039,0390041,right_only
8731,,,,,,,,,,,,,,,,,,,,,,,,,,,,,,,,,,,,,,,,,,,,,,0390066,0390066,1125.0,351.0,914.0,8.0,445.0,805.0,18.0,378.0,866.0,27.0,365.0,880.0,25.0,389.0,831.0,35.0,415.0,814.0,27.0,365.0,876.0,21.0,392.0,833.0,27.0,379.0,877.0,379.0,876.0,383.0,874.0,370.0,865.0,24.0,388.0,865.0,498.0,501.0,039,0390066,right_only
8732,,,,,,,,,,,,,,,,,,,,,,,,,,,,,,,,,,,,,,,,,,,,,,0410086,0410086,1205.0,2.0,0.0,0.0,2.0,0.0,0.0,2.0,0.0,0.0,2.0,0.0,0.0,2.0,0.0,0.0,2.0,0.0,0.0,2.0,0.0,0.0,2.0,0.0,0.0,2.0,0.0,2.0,0.0,2.0,0.0,2.0,0.0,0.0,2.0,0.0,2.0,0.0,041,0410086,right_only
8733,,,,,,,,,,,,,,,,,,,,,,,,,,,,,,,,,,,,,,,,,,,,,,0410091A,0410091A,1210.0,1.0,1.0,0.0,1.0,1.0,0.0,1.0,1.0,0.0,1.0,1.0,0.0,1.0,1.0,0.0,1.0,1.0,0.0,1.0,1.0,0.0,1.0,1.0,0.0,1.0,1.0,1.0,1.0,1.0,1.0,1.0,1.0,0.0,1.0,1.0,2.0,0.0,041,0410091A,right_only
8734,,,,,,,,,,,,,,,,,,,,,,,,,,,,,,,,,,,,,,,,,,,,,,0410091B,0410091B,1211.0,2.0,1.0,0.0,2.0,1.0,0.0,2.0,1.0,0.0,2.0,1.0,0.0,2.0,1.0,0.0,2.0,1.0,0.0,2.0,1.0,0.0,2.0,1.0,0.0,2.0,1.0,2.0,1.0,2.0,1.0,2.0,1.0,0.0,2.0,1.0,1.0,1.0,041,0410091B,right_only
8735,,,,,,,,,,,,,,,,,,,,,,,,,,,,,,,,,,,,,,,,,,,,,,0410096,0410096,1218.0,2.0,0.0,0.0,2.0,0.0,0.0,2.0,0.0,0.0,2.0,0.0,0.0,2.0,0.0,0.0,2.0,0.0,0.0,2.0,0.0,0.0,2.0,0.0,0.0,2.0,0.0,2.0,0.0,2.0,0.0,2.0,0.0,0.0,2.0,0.0,2.0,0.0,041,0410096,right_only
8736,,,,,,,,,,,,,,,,,,,,,,,,,,,,,,,,,,,,,,,,,,,,,,0410098,0410098,1220.0,2.0,1.0,0.0,2.0,1.0,0.0,2.0,1.0,0.0,2.0,1.0,0.0,2.0,1.0,0.0,2.0,1.0,0.0,2.0,1.0,0.0,2.0,1.0,0.0,2.0,1.0,2.0,1.0,2.0,1.0,2.0,1.0,0.0,2.0,1.0,2.0,1.0,041,0410098,right_only
8737,,,,,,,,,,,,,,,,,,,,,,,,,,,,,,,,,,,,,,,,,,,,,,0410101A,0410101A,1223.0,18.0,4.0,0.0,19.0,3.0,0.0,19.0,4.0,0.0,18.0,4.0,0.0,19.0,3.0,0.0,19.0,3.0,0.0,19.0,4.0,0.0,19.0,3.0,0.0,19.0,3.0,18.0,4.0,19.0,3.0,19.0,3.0,0.0,19.0,3.0,18.0,2.0,041,0410101A,right_only
8738,,,,,,,,,,,,,,,,,,,,,,,,,,,,,,,,,,,,,,,,,,,,,,0410102,0410102,1227.0,1.0,0.0,0.0,1.0,0.0,0.0,1.0,0.0,0.0,1.0,0.0,0.0,1.0,0.0,0.0,1.0,0.0,0.0,1.0,0.0,0.0,1.0,0.0,0.0,1.0,0.0,1.0,0.0,1.0,0.0,1.0,0.0,0.0,1.0,0.0,0.0,0.0,041,0410102,right_only
8739,,,,,,,,,,,,,,,,,,,,,,,,,,,,,,,,,,,,,,,,,,,,,,047003S,047003S,1246.0,55.0,62.0,0.0,52.0,62.0,1.0,47.0,65.0,1.0,43.0,69.0,2.0,44.0,65.0,4.0,50.0,64.0,1.0,40.0,72.0,2.0,41.0,71.0,1.0,42.0,69.0,47.0,66.0,43.0,71.0,44.0,70.0,0.0,46.0,70.0,61.0,21.0,047,047003S,right_only
8740,,,,,,,,,,,,,,,,,,,,,,,,,,,,,,,,,,,,,,,,,,,,,,0610088,0610088,1458.0,294.0,710.0,5.0,392.0,599.0,18.0,307.0,651.0,32.0,291.0,670.0,35.0,296.0,605.0,83.0,349.0,617.0,26.0,279.0,663.0,43.0,281.0,655.0,50.0,311.0,671.0,314.0,668.0,314.0,668.0,299.0,660.0,27.0,306.0,679.0,426.0,349.0,061,0610088,right_only
8741,,,,,,,,,,,,,,,,,,,,,,,,,,,,,,,,,,,,,,,,,,,,,,0850013A,0850013A,1598.0,1714.0,574.0,25.0,1833.0,440.0,35.0,1722.0,529.0,48.0,1700.0,534.0,65.0,1770.0,440.0,63.0,1771.0,434.0,74.0,1736.0,482.0,54.0,1780.0,425.0,64.0,1782.0,487.0,1789.0,478.0,1784.0,483.0,1745.0,471.0,61.0,1787.0,482.0,1837.0,269.0,085,0850013A,right_only
8742,,,,,,,,,,,,,,,,,,,,,,,,,,,,,,,,,,,,,,,,,,,,,,0850227,0850227,1813.0,1183.0,1273.0,21.0,1334.0,1084.0,52.0,1176.0,1211.0,62.0,1172.0,1191.0,80.0,1240.0,1071.0,80.0,1280.0,1050.0,77.0,1205.0,1134.0,56.0,1254.0,1072.0,75.0,1261.0,1135.0,1272.0,1116.0,1261.0,1129.0,1241.0,1097.0,52.0,1269.0,1107.0,1339.0,531.0,085,0850227,right_only
8743,,,,,,,,,,,,,,,,,,,,,,,,,,,,,,,,,,,,,,,,,,,,,,0850228,0850228,1814.0,827.0,631.0,24.0,889.0,550.0,37.0,829.0,590.0,44.0,817.0,600.0,49.0,829.0,560.0,51.0,833.0,560.0,55.0,817.0,583.0,46.0,829.0,562.0,51.0,846.0,586.0,849.0,576.0,847.0,582.0,824.0,569.0,41.0,847.0,584.0,892.0,313.0,085,0850228,right_only
8744,,,,,,,,,,,,,,,,,,,,,,,,,,,,,,,,,,,,,,,,,,,,,,0850229,0850229,1815.0,305.0,244.0,6.0,338.0,200.0,15.0,309.0,224.0,15.0,301.0,228.0,20.0,314.0,204.0,21.0,324.0,199.0,19.0,307.0,218.0,17.0,316.0,205.0,19.0,320.0,218.0,321.0,217.0,320.0,218.0,311.0,210.0,17.0,321.0,213.0,335.0,123.0,085,0850229,right_only
8745,,,,,,,,,,,,,,,,,,,,,,,,,,,,,,,,,,,,,,,,,,,,,,0850230,0850230,1816.0,1400.0,1692.0,21.0,1593.0,1447.0,55.0,1440.0,1566.0,75.0,1403.0,1594.0,77.0,1488.0,1446.0,92.0,1540.0,1426.0,76.0,1436.0,1526.0,66.0,1517.0,1436.0,69.0,1476.0,1537.0,1476.0,1528.0,1484.0,1531.0,1448.0,1516.0,55.0,1494.0,1518.0,1634.0,709.0,085,0850230,right_only
8746,,,,,,,,,,,,,,,,,,,,,,,,,,,,,,,,,,,,,,,,,,,,,,0850231,0850231,1817.0,557.0,617.0,7.0,615.0,531.0,24.0,573.0,564.0,24.0,554.0,575.0,32.0,575.0,536.0,33.0,578.0,532.0,41.0,562.0,559.0,25.0,585.0,532.0,29.0,582.0,568.0,589.0,559.0,585.0,570.0,574.0,551.0,22.0,591.0,558.0,631.0,267.0,085,0850231,right_only
8747,,,,,,,,,,,,,,,,,,,,,,,,,,,,,,,,,,,,,,,,,,,,,,0850232,0850232,1818.0,908.0,637.0,15.0,991.0,537.0,28.0,923.0,584.0,32.0,903.0,595.0,40.0,924.0,532.0,47.0,951.0,528.0,47.0,911.0,562.0,29.0,932.0,538.0,41.0,938.0,570.0,942.0,559.0,937.0,569.0,916.0,557.0,29.0,943.0,558.0,1000.0,297.0,085,0850232,right_only
8748,,,,,,,,,,,,,,,,,,,,,,,,,,,,,,,,,,,,,,,,,,,,,,0850233,0850233,1819.0,487.0,269.0,8.0,526.0,217.0,16.0,496.0,239.0,18.0,485.0,248.0,23.0,489.0,223.0,28.0,499.0,214.0,31.0,480.0,242.0,23.0,492.0,222.0,24.0,498.0,240.0,499.0,233.0,501.0,235.0,490.0,232.0,18.0,503.0,233.0,517.0,125.0,085,0850233,right_only
8749,,,,,,,,,,,,,,,,,,,,,,,,,,,,,,,,,,,,,,,,,,,,,,0850234,0850234,1820.0,185.0,244.0,0.0,215.0,203.0,3.0,192.0,221.0,3.0,186.0,225.0,5.0,196.0,208.0,5.0,203.0,204.0,5.0,188.0,215.0,4.0,197.0,207.0,4.0,192.0,221.0,196.0,217.0,192.0,219.0,192.0,213.0,3.0,197.0,215.0,221.0,93.0,085,0850234,right_only
8750,,,,,,,,,,,,,,,,,,,,,,,,,,,,,,,,,,,,,,,,,,,,,,0850235,0850235,1821.0,517.0,623.0,8.0,602.0,524.0,15.0,536.0,579.0,16.0,523.0,585.0,20.0,561.0,536.0,20.0,579.0,523.0,21.0,531.0,567.0,19.0,561.0,533.0,23.0,548.0,567.0,556.0,561.0,555.0,562.0,540.0,555.0,19.0,561.0,555.0,608.0,221.0,085,0850235,right_only
8751,,,,,,,,,,,,,,,,,,,,,,,,,,,,,,,,,,,,,,,,,,,,,,0850236,0850236,1822.0,905.0,570.0,10.0,984.0,471.0,20.0,913.0,526.0,27.0,886.0,546.0,38.0,932.0,471.0,36.0,948.0,464.0,41.0,909.0,513.0,25.0,930.0,477.0,36.0,940.0,510.0,950.0,500.0,938.0,507.0,922.0,493.0,26.0,950.0,494.0,984.0,248.0,085,0850236,right_only
8752,,,,,,,,,,,,,,,,,,,,,,,,,,,,,,,,,,,,,,,,,,,,,,0850237,0850237,1823.0,387.0,459.0,7.0,428.0,403.0,12.0,395.0,426.0,13.0,388.0,429.0,17.0,394.0,404.0,27.0,406.0,398.0,24.0,387.0,423.0,13.0,398.0,396.0,27.0,399.0,426.0,406.0,416.0,404.0,421.0,394.0,412.0,14.0,403.0,418.0,441.0,183.0,085,0850237,right_only
8753,,,,,,,,,,,,,,,,,,,,,,,,,,,,,,,,,,,,,,,,,,,,,,0850238,0850238,1824.0,767.0,767.0,14.0,857.0,654.0,28.0,776.0,712.0,35.0,770.0,712.0,44.0,804.0,654.0,44.0,831.0,637.0,40.0,788.0,684.0,30.0,804.0,650.0,44.0,812.0,685.0,812.0,682.0,821.0,676.0,791.0,670.0,34.0,817.0,674.0,867.0,340.0,085,0850238,right_only
8754,,,,,,,,,,,,,,,,,,,,,,,,,,,,,,,,,,,,,,,,,,,,,,0850239,0850239,1825.0,1630.0,650.0,12.0,1755.0,504.0,26.0,1653.0,589.0,29.0,1619.0,609.0,43.0,1683.0,522.0,46.0,1678.0,508.0,69.0,1650.0,564.0,37.0,1682.0,524.0,38.0,1684.0,562.0,1684.0,560.0,1687.0,555.0,1668.0,546.0,32.0,1694.0,545.0,1744.0,280.0,085,0850239,right_only
8755,,,,,,,,,,,,,,,,,,,,,,,,,,,,,,,,,,,,,,,,,,,,,,0910108,0910108,1851.0,809.0,262.0,17.0,857.0,217.0,19.0,825.0,238.0,25.0,809.0,258.0,27.0,825.0,222.0,36.0,809.0,226.0,56.0,814.0,248.0,26.0,822.0,224.0,36.0,824.0,247.0,835.0,236.0,828.0,242.0,814.0,238.0,27.0,835.0,233.0,849.0,98.0,091,0910108,right_only
8756,,,,,,,,,,,,,,,,,,,,,,,,,,,,,,,,,,,,,,,,,,,,,,0910202A,0910202A,1853.0,424.0,182.0,3.0,440.0,166.0,7.0,423.0,180.0,7.0,418.0,182.0,10.0,427.0,167.0,15.0,421.0,169.0,17.0,420.0,177.0,12.0,429.0,166.0,13.0,423.0,176.0,427.0,172.0,425.0,175.0,419.0,167.0,15.0,428.0,170.0,447.0,68.0,091,0910202A,right_only
8757,,,,,,,,,,,,,,,,,,,,,,,,,,,,,,,,,,,,,,,,,,,,,,0910202B,0910202B,1854.0,71.0,27.0,1.0,74.0,23.0,1.0,71.0,27.0,1.0,70.0,27.0,1.0,71.0,23.0,3.0,71.0,24.0,3.0,70.0,27.0,2.0,72.0,23.0,2.0,71.0,26.0,70.0,26.0,70.0,26.0,69.0,26.0,2.0,70.0,26.0,74.0,11.0,091,0910202B,right_only
8758,,,,,,,,,,,,,,,,,,,,,,,,,,,,,,,,,,,,,,,,,,,,,,0910406A,0910406A,1873.0,2245.0,958.0,21.0,2395.0,787.0,65.0,2265.0,908.0,66.0,2235.0,927.0,65.0,2311.0,807.0,100.0,2312.0,790.0,113.0,2216.0,922.0,74.0,2306.0,814.0,89.0,2294.0,892.0,2316.0,860.0,2312.0,868.0,2275.0,837.0,72.0,2320.0,851.0,2384.0,370.0,091,0910406A,right_only
8759,,,,,,,,,,,,,,,,,,,,,,,,,,,,,,,,,,,,,,,,,,,,,,1131065A,1131065A,2033.0,194.0,980.0,3.0,232.0,914.0,23.0,199.0,945.0,18.0,189.0,951.0,20.0,196.0,924.0,36.0,207.0,932.0,24.0,190.0,945.0,27.0,206.0,937.0,17.0,205.0,955.0,207.0,951.0,202.0,953.0,198.0,945.0,19.0,200.0,958.0,244.0,331.0,113,1131065A,right_only
8760,,,,,,,,,,,,,,,,,,,,,,,,,,,,,,,,,,,,,,,,,,,,,,1131071A,1131071A,2040.0,460.0,1350.0,16.0,579.0,1164.0,65.0,485.0,1257.0,58.0,479.0,1267.0,54.0,528.0,1165.0,74.0,583.0,1141.0,59.0,478.0,1235.0,57.0,556.0,1137.0,73.0,500.0,1259.0,529.0,1225.0,532.0,1228.0,503.0,1200.0,56.0,520.0,1227.0,652.0,592.0,113,1131071A,right_only
8761,,,,,,,,,,,,,,,,,,,,,,,,,,,,,,,,,,,,,,,,,,,,,,1131087A,1131087A,2056.0,172.0,1406.0,10.0,247.0,1293.0,42.0,183.0,1363.0,23.0,176.0,1370.0,25.0,172.0,1339.0,54.0,199.0,1340.0,31.0,161.0,1379.0,27.0,185.0,1352.0,28.0,173.0,1387.0,185.0,1374.0,184.0,1375.0,166.0,1373.0,28.0,174.0,1387.0,269.0,582.0,113,1131087A,right_only
8762,,,,,,,,,,,,,,,,,,,,,,,,,,,,,,,,,,,,,,,,,,,,,,1131308A,1131308A,2120.0,317.0,545.0,6.0,349.0,502.0,15.0,331.0,520.0,12.0,316.0,527.0,21.0,319.0,504.0,31.0,334.0,503.0,20.0,317.0,523.0,14.0,324.0,510.0,21.0,319.0,534.0,325.0,526.0,319.0,534.0,315.0,522.0,16.0,322.0,528.0,352.0,178.0,113,1131308A,right_only
8763,,,,,,,,,,,,,,,,,,,,,,,,,,,,,,,,,,,,,,,,,,,,,,1132717A,1132717A,2320.0,2.0,0.0,0.0,2.0,0.0,0.0,2.0,0.0,0.0,2.0,0.0,0.0,2.0,0.0,0.0,2.0,0.0,0.0,2.0,0.0,0.0,2.0,0.0,0.0,2.0,0.0,2.0,0.0,2.0,0.0,2.0,0.0,0.0,2.0,0.0,2.0,0.0,113,1132717A,right_only
8764,,,,,,,,,,,,,,,,,,,,,,,,,,,,,,,,,,,,,,,,,,,,,,1132807A,1132807A,2330.0,756.0,784.0,17.0,907.0,613.0,30.0,774.0,722.0,46.0,741.0,757.0,42.0,835.0,637.0,50.0,871.0,627.0,39.0,766.0,716.0,49.0,845.0,627.0,52.0,817.0,701.0,834.0,683.0,822.0,700.0,816.0,669.0,34.0,839.0,673.0,923.0,302.0,113,1132807A,right_only
8765,,,,,,,,,,,,,,,,,,,,,,,,,,,,,,,,,,,,,,,,,,,,,,1132810A,1132810A,2334.0,12.0,3.0,0.0,13.0,2.0,0.0,10.0,2.0,2.0,10.0,3.0,0.0,12.0,2.0,0.0,13.0,2.0,0.0,10.0,4.0,0.0,11.0,3.0,0.0,13.0,2.0,13.0,2.0,13.0,2.0,11.0,2.0,0.0,11.0,2.0,11.0,2.0,113,1132810A,right_only
8766,,,,,,,,,,,,,,,,,,,,,,,,,,,,,,,,,,,,,,,,,,,,,,1133016A,1133016A,2373.0,133.0,746.0,5.0,177.0,670.0,31.0,139.0,698.0,36.0,132.0,702.0,35.0,151.0,656.0,55.0,163.0,653.0,53.0,130.0,691.0,40.0,148.0,667.0,49.0,142.0,716.0,155.0,703.0,149.0,713.0,137.0,682.0,42.0,154.0,703.0,201.0,424.0,113,1133016A,right_only
8767,,,,,,,,,,,,,,,,,,,,,,,,,,,,,,,,,,,,,,,,,,,,,,1133940A,1133940A,2555.0,273.0,663.0,9.0,309.0,611.0,21.0,288.0,627.0,24.0,274.0,640.0,21.0,279.0,603.0,48.0,290.0,618.0,28.0,266.0,642.0,25.0,280.0,618.0,33.0,274.0,648.0,281.0,641.0,276.0,645.0,266.0,641.0,21.0,285.0,638.0,323.0,232.0,113,1133940A,right_only
8768,,,,,,,,,,,,,,,,,,,,,,,,,,,,,,,,,,,,,,,,,,,,,,1134003A,1134003A,2561.0,12.0,113.0,1.0,18.0,105.0,1.0,14.0,104.0,4.0,12.0,104.0,6.0,18.0,95.0,9.0,18.0,99.0,5.0,13.0,102.0,6.0,13.0,106.0,3.0,18.0,103.0,18.0,103.0,19.0,102.0,13.0,106.0,2.0,17.0,105.0,21.0,44.0,113,1134003A,right_only
8769,,,,,,,,,,,,,,,,,,,,,,,,,,,,,,,,,,,,,,,,,,,,,,1134006A,1134006A,2565.0,242.0,547.0,8.0,300.0,475.0,15.0,258.0,507.0,20.0,249.0,519.0,15.0,274.0,469.0,28.0,300.0,459.0,19.0,256.0,509.0,15.0,278.0,477.0,21.0,269.0,499.0,273.0,491.0,278.0,491.0,265.0,482.0,25.0,281.0,487.0,318.0,241.0,113,1134006A,right_only
8770,,,,,,,,,,,,,,,,,,,,,,,,,,,,,,,,,,,,,,,,,,,,,,1134009A,1134009A,2569.0,73.0,647.0,5.0,82.0,628.0,12.0,83.0,610.0,16.0,77.0,618.0,20.0,76.0,594.0,41.0,92.0,590.0,26.0,74.0,613.0,21.0,82.0,605.0,22.0,78.0,632.0,84.0,624.0,84.0,627.0,79.0,609.0,22.0,87.0,618.0,135.0,255.0,113,1134009A,right_only
8771,,,,,,,,,,,,,,,,,,,,,,,,,,,,,,,,,,,,,,,,,,,,,,1134097A,1134097A,2655.0,134.0,420.0,3.0,163.0,376.0,14.0,143.0,397.0,8.0,129.0,402.0,13.0,132.0,382.0,27.0,155.0,379.0,15.0,131.0,395.0,16.0,136.0,388.0,16.0,132.0,405.0,138.0,400.0,140.0,398.0,134.0,393.0,13.0,140.0,398.0,170.0,167.0,113,1134097A,right_only
8772,,,,,,,,,,,,,,,,,,,,,,,,,,,,,,,,,,,,,,,,,,,,,,1134608A,1134608A,2735.0,548.0,1116.0,15.0,634.0,1000.0,28.0,583.0,1046.0,35.0,557.0,1064.0,43.0,575.0,1014.0,65.0,606.0,1008.0,41.0,556.0,1056.0,42.0,583.0,1014.0,53.0,577.0,1076.0,588.0,1063.0,581.0,1072.0,563.0,1046.0,45.0,586.0,1055.0,651.0,439.0,113,1134608A,right_only
8773,,,,,,,,,,,,,,,,,,,,,,,,,,,,,,,,,,,,,,,,,,,,,,1134627A,1134627A,2755.0,913.0,1550.0,24.0,1077.0,1337.0,58.0,954.0,1434.0,71.0,926.0,1451.0,76.0,985.0,1332.0,113.0,1057.0,1311.0,70.0,960.0,1410.0,63.0,1014.0,1333.0,90.0,988.0,1429.0,1011.0,1407.0,1013.0,1404.0,963.0,1391.0,66.0,1011.0,1397.0,1122.0,763.0,113,1134627A,right_only
8774,,,,,,,,,,,,,,,,,,,,,,,,,,,,,,,,,,,,,,,,,,,,,,1211053,1211053,2864.0,1370.0,475.0,14.0,1406.0,416.0,30.0,1336.0,462.0,42.0,1325.0,462.0,50.0,1356.0,406.0,60.0,1369.0,402.0,58.0,1335.0,447.0,38.0,1355.0,419.0,48.0,1365.0,456.0,1383.0,437.0,1376.0,447.0,1337.0,431.0,47.0,1382.0,430.0,1397.0,197.0,121,1211053,right_only
8775,,,,,,,,,,,,,,,,,,,,,,,,,,,,,,,,,,,,,,,,,,,,,,1211054,1211054,2865.0,223.0,368.0,4.0,258.0,319.0,14.0,230.0,343.0,14.0,223.0,349.0,14.0,230.0,327.0,24.0,247.0,320.0,20.0,223.0,343.0,15.0,239.0,328.0,20.0,235.0,348.0,239.0,343.0,236.0,348.0,228.0,336.0,16.0,238.0,343.0,260.0,160.0,121,1211054,right_only
8776,,,,,,,,,,,,,,,,,,,,,,,,,,,,,,,,,,,,,,,,,,,,,,1211055,1211055,2866.0,359.0,352.0,2.0,402.0,297.0,10.0,366.0,332.0,14.0,362.0,335.0,14.0,374.0,304.0,22.0,387.0,295.0,19.0,365.0,321.0,13.0,381.0,301.0,16.0,374.0,324.0,377.0,320.0,374.0,320.0,371.0,313.0,16.0,377.0,320.0,405.0,130.0,121,1211055,right_only
8777,,,,,,,,,,,,,,,,,,,,,,,,,,,,,,,,,,,,,,,,,,,,,,1211056,1211056,2867.0,491.0,329.0,3.0,542.0,263.0,10.0,496.0,303.0,17.0,487.0,310.0,18.0,515.0,271.0,18.0,528.0,263.0,19.0,496.0,297.0,14.0,516.0,269.0,19.0,511.0,297.0,513.0,290.0,511.0,297.0,508.0,284.0,14.0,515.0,286.0,539.0,99.0,121,1211056,right_only
8778,,,,,,,,,,,,,,,,,,,,,,,,,,,,,,,,,,,,,,,,,,,,,,1211057,1211057,2868.0,830.0,435.0,6.0,914.0,337.0,16.0,828.0,422.0,14.0,802.0,446.0,19.0,862.0,361.0,26.0,899.0,338.0,21.0,819.0,412.0,17.0,866.0,362.0,20.0,843.0,401.0,864.0,381.0,851.0,390.0,846.0,387.0,14.0,853.0,389.0,900.0,123.0,121,1211057,right_only
8779,,,,,,,,,,,,,,,,,,,,,,,,,,,,,,,,,,,,,,,,,,,,,,1212015A,1212015A,2884.0,1070.0,1158.0,19.0,1223.0,968.0,46.0,1103.0,1075.0,46.0,1084.0,1093.0,52.0,1127.0,995.0,76.0,1166.0,985.0,59.0,1102.0,1046.0,53.0,1142.0,995.0,61.0,1123.0,1077.0,1141.0,1058.0,1128.0,1077.0,1106.0,1034.0,58.0,1150.0,1044.0,1225.0,457.0,121,1212015A,right_only
8780,,,,,,,,,,,,,,,,,,,,,,,,,,,,,,,,,,,,,,,,,,,,,,1212036,1212036,2906.0,277.0,206.0,5.0,318.0,156.0,11.0,288.0,183.0,13.0,282.0,186.0,13.0,300.0,165.0,17.0,313.0,156.0,13.0,285.0,180.0,13.0,302.0,165.0,12.0,298.0,180.0,299.0,179.0,298.0,181.0,293.0,171.0,12.0,302.0,171.0,318.0,67.0,121,1212036,right_only
8781,,,,,,,,,,,,,,,,,,,,,,,,,,,,,,,,,,,,,,,,,,,,,,1214023A,1214023A,2970.0,1449.0,661.0,14.0,1570.0,502.0,46.0,1454.0,608.0,47.0,1449.0,596.0,61.0,1517.0,491.0,67.0,1553.0,468.0,65.0,1454.0,572.0,50.0,1519.0,499.0,61.0,1492.0,573.0,1511.0,552.0,1505.0,553.0,1485.0,534.0,47.0,1521.0,526.0,1562.0,231.0,121,1214023A,right_only
8782,,,,,,,,,,,,,,,,,,,,,,,,,,,,,,,,,,,,,,,,,,,,,,1250003A,1250003A,3010.0,44.0,5.0,0.0,46.0,4.0,0.0,41.0,8.0,0.0,44.0,5.0,0.0,45.0,4.0,0.0,42.0,4.0,1.0,46.0,4.0,0.0,45.0,4.0,0.0,45.0,4.0,45.0,4.0,45.0,4.0,46.0,4.0,0.0,45.0,4.0,43.0,1.0,125,1250003A,right_only
8783,,,,,,,,,,,,,,,,,,,,,,,,,,,,,,,,,,,,,,,,,,,,,,1250003B,1250003B,3011.0,22.0,3.0,0.0,22.0,3.0,0.0,21.0,5.0,0.0,22.0,3.0,0.0,22.0,3.0,0.0,22.0,3.0,1.0,22.0,3.0,0.0,22.0,3.0,0.0,22.0,3.0,22.0,3.0,22.0,3.0,22.0,3.0,0.0,22.0,3.0,23.0,1.0,125,1250003B,right_only
8784,,,,,,,,,,,,,,,,,,,,,,,,,,,,,,,,,,,,,,,,,,,,,,1250003C,1250003C,3012.0,100.0,17.0,1.0,105.0,14.0,1.0,95.0,21.0,2.0,102.0,17.0,1.0,104.0,13.0,2.0,95.0,15.0,8.0,105.0,15.0,0.0,106.0,13.0,1.0,106.0,13.0,105.0,14.0,103.0,16.0,103.0,15.0,2.0,104.0,15.0,109.0,6.0,125,1250003C,right_only
8785,,,,,,,,,,,,,,,,,,,,,,,,,,,,,,,,,,,,,,,,,,,,,,1250004A,1250004A,3013.0,75.0,29.0,1.0,85.0,23.0,0.0,77.0,27.0,2.0,79.0,26.0,2.0,78.0,24.0,2.0,78.0,22.0,5.0,83.0,21.0,0.0,81.0,24.0,1.0,78.0,27.0,81.0,24.0,82.0,23.0,78.0,25.0,1.0,78.0,25.0,83.0,9.0,125,1250004A,right_only
8786,,,,,,,,,,,,,,,,,,,,,,,,,,,,,,,,,,,,,,,,,,,,,,1250004B,1250004B,3014.0,3.0,2.0,0.0,4.0,1.0,0.0,4.0,2.0,0.0,4.0,1.0,0.0,4.0,1.0,0.0,4.0,1.0,0.0,4.0,1.0,0.0,4.0,1.0,0.0,4.0,1.0,4.0,1.0,4.0,1.0,4.0,1.0,0.0,4.0,1.0,4.0,0.0,125,1250004B,right_only
8787,,,,,,,,,,,,,,,,,,,,,,,,,,,,,,,,,,,,,,,,,,,,,,1410088A,1410088A,3228.0,119.0,149.0,5.0,138.0,123.0,9.0,126.0,129.0,13.0,123.0,128.0,14.0,127.0,118.0,19.0,136.0,113.0,18.0,122.0,126.0,17.0,129.0,115.0,19.0,128.0,135.0,130.0,132.0,130.0,133.0,124.0,125.0,15.0,136.0,126.0,149.0,85.0,141,1410088A,right_only
8788,,,,,,,,,,,,,,,,,,,,,,,,,,,,,,,,,,,,,,,,,,,,,,1410088B,1410088B,3229.0,0.0,1.0,0.0,0.0,1.0,0.0,0.0,1.0,0.0,0.0,1.0,0.0,0.0,1.0,0.0,0.0,1.0,0.0,0.0,1.0,0.0,0.0,1.0,0.0,0.0,1.0,0.0,1.0,0.0,1.0,0.0,1.0,0.0,0.0,1.0,1.0,0.0,141,1410088B,right_only
8789,,,,,,,,,,,,,,,,,,,,,,,,,,,,,,,,,,,,,,,,,,,,,,1410192,1410192,3333.0,553.0,1174.0,14.0,644.0,1041.0,34.0,597.0,1046.0,62.0,582.0,1067.0,47.0,557.0,1017.0,103.0,607.0,1025.0,64.0,550.0,1060.0,72.0,565.0,1049.0,58.0,585.0,1092.0,602.0,1070.0,591.0,1088.0,571.0,1059.0,54.0,591.0,1080.0,742.0,506.0,141,1410192,right_only
8790,,,,,,,,,,,,,,,,,,,,,,,,,,,,,,,,,,,,,,,,,,,,,,1410193,1410193,3334.0,107.0,265.0,3.0,129.0,232.0,8.0,120.0,231.0,11.0,115.0,235.0,12.0,115.0,224.0,21.0,125.0,226.0,11.0,111.0,234.0,14.0,116.0,229.0,13.0,118.0,243.0,120.0,238.0,118.0,243.0,113.0,235.0,11.0,118.0,240.0,151.0,110.0,141,1410193,right_only
8791,,,,,,,,,,,,,,,,,,,,,,,,,,,,,,,,,,,,,,,,,,,,,,1410194,1410194,3335.0,259.0,471.0,5.0,310.0,400.0,15.0,279.0,410.0,24.0,271.0,415.0,26.0,271.0,389.0,48.0,283.0,397.0,30.0,258.0,416.0,30.0,270.0,403.0,32.0,277.0,432.0,281.0,426.0,271.0,435.0,264.0,416.0,26.0,281.0,422.0,339.0,220.0,141,1410194,right_only
8792,,,,,,,,,,,,,,,,,,,,,,,,,,,,,,,,,,,,,,,,,,,,,,1410195,1410195,3336.0,231.0,616.0,4.0,278.0,546.0,16.0,252.0,554.0,28.0,247.0,556.0,28.0,243.0,536.0,58.0,257.0,546.0,28.0,237.0,567.0,28.0,244.0,550.0,40.0,252.0,580.0,252.0,578.0,247.0,583.0,242.0,566.0,25.0,252.0,579.0,321.0,297.0,141,1410195,right_only
8793,,,,,,,,,,,,,,,,,,,,,,,,,,,,,,,,,,,,,,,,,,,,,,1410196,1410196,3337.0,311.0,951.0,5.0,400.0,829.0,20.0,353.0,849.0,36.0,334.0,854.0,51.0,328.0,824.0,79.0,362.0,830.0,45.0,322.0,862.0,45.0,331.0,851.0,45.0,341.0,883.0,360.0,862.0,345.0,880.0,332.0,866.0,33.0,350.0,874.0,488.0,404.0,141,1410196,right_only
8794,,,,,,,,,,,,,,,,,,,,,,,,,,,,,,,,,,,,,,,,,,,,,,1410197,1410197,3338.0,309.0,1046.0,8.0,398.0,928.0,19.0,345.0,946.0,33.0,334.0,957.0,38.0,332.0,903.0,89.0,361.0,928.0,44.0,319.0,964.0,44.0,329.0,940.0,51.0,335.0,983.0,345.0,974.0,339.0,980.0,326.0,957.0,46.0,341.0,976.0,485.0,439.0,141,1410197,right_only
8795,,,,,,,,,,,,,,,,,,,,,,,,,,,,,,,,,,,,,,,,,,,,,,1410198,1410198,3339.0,518.0,1328.0,11.0,625.0,1173.0,36.0,573.0,1193.0,55.0,541.0,1219.0,59.0,533.0,1156.0,114.0,588.0,1165.0,56.0,528.0,1195.0,72.0,530.0,1184.0,80.0,538.0,1250.0,565.0,1227.0,543.0,1245.0,531.0,1198.0,67.0,552.0,1234.0,741.0,618.0,141,1410198,right_only
8796,,,,,,,,,,,,,,,,,,,,,,,,,,,,,,,,,,,,,,,,,,,,,,1410199,1410199,3340.0,289.0,650.0,5.0,343.0,574.0,14.0,315.0,586.0,21.0,307.0,592.0,29.0,303.0,560.0,59.0,329.0,562.0,33.0,294.0,593.0,33.0,304.0,584.0,33.0,307.0,610.0,315.0,598.0,305.0,612.0,297.0,592.0,27.0,315.0,598.0,385.0,291.0,141,1410199,right_only
8797,,,,,,,,,,,,,,,,,,,,,,,,,,,,,,,,,,,,,,,,,,,,,,1410200,1410200,3341.0,19.0,42.0,0.0,23.0,37.0,1.0,21.0,38.0,1.0,19.0,39.0,2.0,19.0,37.0,4.0,21.0,37.0,2.0,19.0,39.0,2.0,19.0,38.0,2.0,19.0,40.0,21.0,39.0,19.0,40.0,19.0,39.0,1.0,20.0,39.0,25.0,19.0,141,1410200,right_only
8798,,,,,,,,,,,,,,,,,,,,,,,,,,,,,,,,,,,,,,,,,,,,,,1410201,1410201,3342.0,360.0,816.0,8.0,432.0,721.0,20.0,392.0,734.0,32.0,378.0,743.0,40.0,374.0,706.0,70.0,412.0,707.0,43.0,367.0,747.0,43.0,376.0,733.0,43.0,377.0,767.0,391.0,751.0,376.0,770.0,370.0,741.0,37.0,389.0,752.0,480.0,362.0,141,1410201,right_only
8799,,,,,,,,,,,,,,,,,,,,,,,,,,,,,,,,,,,,,,,,,,,,,,1410202,1410202,3343.0,298.0,668.0,4.0,353.0,590.0,15.0,324.0,601.0,23.0,312.0,606.0,31.0,308.0,576.0,62.0,338.0,578.0,33.0,305.0,607.0,33.0,308.0,597.0,33.0,312.0,628.0,323.0,618.0,308.0,629.0,305.0,606.0,29.0,319.0,618.0,393.0,301.0,141,1410202,right_only
8800,,,,,,,,,,,,,,,,,,,,,,,,,,,,,,,,,,,,,,,,,,,,,,1410203,1410203,3344.0,228.0,511.0,3.0,272.0,454.0,13.0,250.0,460.0,20.0,243.0,462.0,26.0,240.0,436.0,51.0,259.0,442.0,29.0,233.0,463.0,29.0,240.0,458.0,29.0,244.0,480.0,250.0,472.0,242.0,480.0,235.0,464.0,25.0,249.0,472.0,301.0,230.0,141,1410203,right_only
8801,,,,,,,,,,,,,,,,,,,,,,,,,,,,,,,,,,,,,,,,,,,,,,1410204,1410204,3345.0,0.0,1.0,0.0,0.0,1.0,0.0,0.0,1.0,0.0,0.0,1.0,0.0,0.0,1.0,0.0,0.0,1.0,0.0,0.0,1.0,0.0,0.0,1.0,0.0,0.0,1.0,0.0,1.0,0.0,1.0,0.0,1.0,0.0,0.0,1.0,0.0,0.0,141,1410204,right_only
8802,,,,,,,,,,,,,,,,,,,,,,,,,,,,,,,,,,,,,,,,,,,,,,1410205,1410205,3346.0,153.0,760.0,4.0,194.0,694.0,11.0,169.0,700.0,22.0,163.0,700.0,32.0,163.0,676.0,62.0,171.0,690.0,25.0,159.0,698.0,35.0,163.0,697.0,30.0,168.0,722.0,171.0,715.0,168.0,721.0,162.0,706.0,22.0,171.0,713.0,261.0,299.0,141,1410205,right_only
8803,,,,,,,,,,,,,,,,,,,,,,,,,,,,,,,,,,,,,,,,,,,,,,1410206,1410206,3347.0,46.0,235.0,2.0,60.0,212.0,5.0,52.0,216.0,8.0,50.0,215.0,12.0,50.0,207.0,20.0,54.0,211.0,9.0,48.0,213.0,12.0,50.0,213.0,12.0,52.0,222.0,54.0,218.0,52.0,221.0,48.0,217.0,8.0,55.0,218.0,81.0,90.0,141,1410206,right_only
8804,,,,,,,,,,,,,,,,,,,,,,,,,,,,,,,,,,,,,,,,,,,,,,1410207,1410207,3348.0,98.0,624.0,6.0,131.0,569.0,11.0,111.0,581.0,16.0,110.0,582.0,18.0,103.0,566.0,38.0,118.0,577.0,17.0,106.0,576.0,28.0,102.0,581.0,21.0,111.0,594.0,119.0,585.0,113.0,591.0,103.0,586.0,16.0,112.0,591.0,171.0,217.0,141,1410207,right_only
8805,,,,,,,,,,,,,,,,,,,,,,,,,,,,,,,,,,,,,,,,,,,,,,1410208,1410208,3349.0,86.0,489.0,1.0,116.0,445.0,5.0,93.0,453.0,8.0,89.0,454.0,13.0,87.0,440.0,31.0,97.0,451.0,12.0,87.0,448.0,22.0,86.0,453.0,16.0,92.0,464.0,98.0,459.0,96.0,460.0,87.0,457.0,10.0,94.0,463.0,148.0,172.0,141,1410208,right_only
8806,,,,,,,,,,,,,,,,,,,,,,,,,,,,,,,,,,,,,,,,,,,,,,153024BA,153024BA,3435.0,34.0,43.0,1.0,36.0,39.0,2.0,30.0,44.0,1.0,31.0,42.0,2.0,30.0,42.0,2.0,31.0,39.0,3.0,29.0,41.0,3.0,29.0,43.0,1.0,29.0,43.0,29.0,43.0,30.0,42.0,28.0,42.0,3.0,27.0,45.0,42.0,15.0,153,153024BA,right_only
8807,,,,,,,,,,,,,,,,,,,,,,,,,,,,,,,,,,,,,,,,,,,,,,1572138A,1572138A,3521.0,49.0,189.0,0.0,61.0,178.0,0.0,50.0,185.0,4.0,51.0,185.0,3.0,54.0,180.0,5.0,59.0,177.0,3.0,55.0,181.0,3.0,54.0,184.0,1.0,53.0,186.0,54.0,185.0,55.0,184.0,54.0,185.0,0.0,61.0,178.0,72.0,58.0,157,1572138A,right_only
8808,,,,,,,,,,,,,,,,,,,,,,,,,,,,,,,,,,,,,,,,,,,,,,1572138B,1572138B,3522.0,0.0,2.0,0.0,0.0,2.0,0.0,0.0,2.0,0.0,0.0,2.0,0.0,0.0,2.0,0.0,0.0,2.0,0.0,0.0,2.0,0.0,0.0,2.0,0.0,0.0,2.0,0.0,2.0,0.0,2.0,0.0,2.0,0.0,0.0,2.0,0.0,0.0,157,1572138B,right_only
8809,,,,,,,,,,,,,,,,,,,,,,,,,,,,,,,,,,,,,,,,,,,,,,1572139A,1572139A,3523.0,4.0,28.0,0.0,4.0,25.0,3.0,4.0,27.0,1.0,3.0,28.0,1.0,4.0,28.0,0.0,6.0,25.0,1.0,3.0,29.0,0.0,4.0,26.0,2.0,4.0,28.0,4.0,28.0,4.0,28.0,5.0,26.0,1.0,5.0,27.0,6.0,14.0,157,1572139A,right_only
8810,,,,,,,,,,,,,,,,,,,,,,,,,,,,,,,,,,,,,,,,,,,,,,1572139B,1572139B,3524.0,0.0,4.0,0.0,1.0,2.0,0.0,0.0,3.0,0.0,0.0,3.0,0.0,0.0,3.0,0.0,0.0,3.0,0.0,0.0,3.0,0.0,0.0,3.0,0.0,0.0,3.0,0.0,3.0,0.0,3.0,0.0,3.0,0.0,0.0,3.0,0.0,1.0,157,1572139B,right_only
8811,,,,,,,,,,,,,,,,,,,,,,,,,,,,,,,,,,,,,,,,,,,,,,1573009A,1573009A,3530.0,1426.0,711.0,9.0,1552.0,562.0,32.0,1421.0,678.0,41.0,1392.0,685.0,52.0,1524.0,541.0,49.0,1495.0,583.0,50.0,1428.0,653.0,41.0,1501.0,557.0,55.0,1473.0,621.0,1478.0,616.0,1494.0,607.0,1458.0,613.0,31.0,1511.0,584.0,1573.0,232.0,157,1573009A,right_only
8812,,,,,,,,,,,,,,,,,,,,,,,,,,,,,,,,,,,,,,,,,,,,,,1574049A,1574049A,3575.0,631.0,1447.0,18.0,785.0,1269.0,27.0,672.0,1375.0,31.0,633.0,1408.0,37.0,674.0,1335.0,49.0,709.0,1321.0,34.0,627.0,1417.0,23.0,680.0,1341.0,41.0,657.0,1398.0,666.0,1386.0,666.0,1393.0,656.0,1377.0,29.0,691.0,1365.0,834.0,548.0,157,1574049A,right_only
8813,,,,,,,,,,,,,,,,,,,,,,,,,,,,,,,,,,,,,,,,,,,,,,1630004A,1630004A,3631.0,316.0,280.0,2.0,347.0,234.0,13.0,321.0,252.0,13.0,309.0,257.0,19.0,295.0,247.0,28.0,313.0,246.0,25.0,297.0,260.0,22.0,299.0,258.0,19.0,295.0,267.0,299.0,263.0,305.0,260.0,299.0,257.0,17.0,311.0,260.0,343.0,103.0,163,1630004A,right_only
8814,,,,,,,,,,,,,,,,,,,,,,,,,,,,,,,,,,,,,,,,,,,,,,1630004B,1630004B,3632.0,2.0,2.0,0.0,2.0,0.0,0.0,2.0,2.0,0.0,2.0,2.0,0.0,2.0,1.0,0.0,2.0,0.0,0.0,2.0,2.0,0.0,2.0,2.0,0.0,2.0,2.0,2.0,2.0,2.0,2.0,2.0,2.0,0.0,2.0,2.0,2.0,0.0,163,1630004B,right_only
8815,,,,,,,,,,,,,,,,,,,,,,,,,,,,,,,,,,,,,,,,,,,,,,1670225A,1670225A,3673.0,1415.0,434.0,13.0,1493.0,347.0,20.0,1434.0,401.0,21.0,1395.0,429.0,26.0,1444.0,358.0,33.0,1448.0,349.0,52.0,1388.0,412.0,34.0,1439.0,356.0,40.0,1427.0,400.0,1431.0,396.0,1442.0,389.0,1413.0,387.0,28.0,1449.0,379.0,1491.0,173.0,167,1670225A,right_only
8816,,,,,,,,,,,,,,,,,,,,,,,,,,,,,,,,,,,,,,,,,,,,,,1670316A,1670316A,3697.0,316.0,779.0,10.0,357.0,718.0,22.0,324.0,736.0,38.0,306.0,755.0,33.0,311.0,720.0,59.0,321.0,738.0,41.0,301.0,761.0,37.0,310.0,744.0,39.0,322.0,768.0,331.0,760.0,325.0,762.0,306.0,758.0,32.0,328.0,763.0,391.0,260.0,167,1670316A,right_only
8817,,,,,,,,,,,,,,,,,,,,,,,,,,,,,,,,,,,,,,,,,,,,,,1810205A,1810205A,3805.0,1759.0,418.0,6.0,1787.0,370.0,24.0,1706.0,433.0,34.0,1718.0,421.0,34.0,1741.0,370.0,48.0,1746.0,361.0,59.0,1717.0,416.0,32.0,1740.0,374.0,46.0,1747.0,409.0,1752.0,405.0,1756.0,403.0,1742.0,385.0,31.0,1753.0,402.0,1784.0,183.0,181,1810205A,right_only
8818,,,,,,,,,,,,,,,,,,,,,,,,,,,,,,,,,,,,,,,,,,,,,,1810408A,1810408A,3828.0,581.0,200.0,10.0,601.0,174.0,12.0,568.0,200.0,22.0,568.0,195.0,24.0,581.0,174.0,24.0,584.0,166.0,28.0,572.0,186.0,21.0,578.0,170.0,26.0,585.0,195.0,588.0,189.0,588.0,189.0,577.0,183.0,19.0,592.0,181.0,600.0,88.0,181,1810408A,right_only
8819,,,,,,,,,,,,,,,,,,,,,,,,,,,,,,,,,,,,,,,,,,,,,,1810408B,1810408B,3829.0,41.0,14.0,0.0,44.0,12.0,0.0,40.0,14.0,0.0,40.0,14.0,0.0,41.0,12.0,0.0,41.0,10.0,3.0,40.0,13.0,0.0,41.0,12.0,2.0,41.0,14.0,41.0,13.0,41.0,13.0,40.0,13.0,0.0,41.0,13.0,44.0,5.0,181,1810408B,right_only
8820,,,,,,,,,,,,,,,,,,,,,,,,,,,,,,,,,,,,,,,,,,,,,,1870102A,1870102A,3867.0,404.0,178.0,5.0,430.0,147.0,9.0,398.0,173.0,11.0,391.0,170.0,19.0,402.0,151.0,22.0,418.0,143.0,24.0,390.0,167.0,19.0,410.0,150.0,17.0,406.0,167.0,408.0,162.0,404.0,167.0,408.0,155.0,12.0,413.0,157.0,435.0,65.0,187,1870102A,right_only
8821,,,,,,,,,,,,,,,,,,,,,,,,,,,,,,,,,,,,,,,,,,,,,,1870102B,1870102B,3868.0,6.0,3.0,0.0,7.0,2.0,0.0,6.0,3.0,0.0,6.0,2.0,0.0,6.0,2.0,0.0,6.0,2.0,0.0,6.0,2.0,0.0,6.0,2.0,0.0,6.0,2.0,6.0,2.0,6.0,2.0,6.0,2.0,0.0,6.0,2.0,7.0,1.0,187,1870102B,right_only
8822,,,,,,,,,,,,,,,,,,,,,,,,,,,,,,,,,,,,,,,,,,,,,,2010179A,2010179A,4196.0,407.0,637.0,13.0,481.0,559.0,21.0,422.0,611.0,29.0,405.0,629.0,26.0,456.0,552.0,47.0,450.0,577.0,28.0,419.0,616.0,21.0,453.0,568.0,31.0,430.0,614.0,427.0,615.0,446.0,596.0,417.0,591.0,34.0,449.0,585.0,506.0,224.0,201,2010179A,right_only
8823,,,,,,,,,,,,,,,,,,,,,,,,,,,,,,,,,,,,,,,,,,,,,,2010179B,2010179B,4197.0,0.0,1.0,0.0,0.0,0.0,0.0,0.0,0.0,0.0,0.0,0.0,0.0,0.0,0.0,0.0,0.0,0.0,0.0,0.0,0.0,0.0,0.0,0.0,0.0,0.0,0.0,0.0,0.0,0.0,0.0,0.0,0.0,0.0,0.0,0.0,0.0,0.0,201,2010179B,right_only
8824,,,,,,,,,,,,,,,,,,,,,,,,,,,,,,,,,,,,,,,,,,,,,,2090114,2090114,5076.0,208.0,758.0,8.0,273.0,676.0,20.0,235.0,691.0,32.0,218.0,705.0,34.0,226.0,657.0,56.0,246.0,667.0,40.0,218.0,691.0,31.0,232.0,663.0,40.0,224.0,712.0,234.0,697.0,229.0,703.0,207.0,695.0,40.0,236.0,698.0,301.0,337.0,209,2090114,right_only
8825,,,,,,,,,,,,,,,,,,,,,,,,,,,,,,,,,,,,,,,,,,,,,,2090115,2090115,5077.0,191.0,672.0,9.0,246.0,602.0,20.0,213.0,618.0,29.0,196.0,630.0,29.0,204.0,586.0,54.0,222.0,595.0,35.0,197.0,618.0,28.0,209.0,591.0,39.0,202.0,635.0,212.0,623.0,206.0,626.0,189.0,620.0,37.0,214.0,624.0,271.0,303.0,209,2090115,right_only
8826,,,,,,,,,,,,,,,,,,,,,,,,,,,,,,,,,,,,,,,,,,,,,,2090121,2090121,5079.0,220.0,1084.0,10.0,290.0,976.0,30.0,252.0,987.0,48.0,236.0,992.0,45.0,234.0,948.0,82.0,256.0,962.0,51.0,232.0,992.0,42.0,248.0,952.0,57.0,243.0,1014.0,247.0,1008.0,244.0,1013.0,226.0,987.0,50.0,252.0,1001.0,335.0,540.0,209,2090121,right_only
8827,,,,,,,,,,,,,,,,,,,,,,,,,,,,,,,,,,,,,,,,,,,,,,2090122,2090122,5080.0,55.0,286.0,2.0,73.0,258.0,7.0,64.0,260.0,12.0,62.0,262.0,12.0,60.0,251.0,20.0,65.0,254.0,13.0,59.0,262.0,11.0,64.0,252.0,14.0,63.0,267.0,63.0,265.0,63.0,266.0,58.0,260.0,13.0,64.0,264.0,88.0,140.0,209,2090122,right_only
8828,,,,,,,,,,,,,,,,,,,,,,,,,,,,,,,,,,,,,,,,,,,,,,2090123,2090123,5081.0,134.0,675.0,5.0,181.0,610.0,17.0,155.0,614.0,26.0,148.0,620.0,24.0,144.0,592.0,48.0,159.0,602.0,28.0,142.0,620.0,24.0,154.0,593.0,32.0,151.0,635.0,151.0,631.0,151.0,634.0,139.0,615.0,28.0,155.0,624.0,204.0,335.0,209,2090123,right_only
8829,,,,,,,,,,,,,,,,,,,,,,,,,,,,,,,,,,,,,,,,,,,,,,2090125A,2090125A,5082.0,457.0,940.0,15.0,550.0,829.0,44.0,495.0,878.0,47.0,480.0,883.0,53.0,487.0,828.0,92.0,512.0,835.0,66.0,465.0,894.0,50.0,477.0,854.0,77.0,498.0,901.0,500.0,895.0,503.0,894.0,470.0,880.0,55.0,510.0,885.0,617.0,408.0,209,2090125A,right_only
8830,,,,,,,,,,,,,,,,,,,,,,,,,,,,,,,,,,,,,,,,,,,,,,2090125B,2090125B,5083.0,3.0,8.0,0.0,4.0,7.0,0.0,4.0,7.0,0.0,3.0,8.0,0.0,4.0,7.0,0.0,4.0,7.0,0.0,3.0,8.0,0.0,4.0,7.0,0.0,3.0,8.0,3.0,8.0,4.0,7.0,4.0,7.0,0.0,4.0,7.0,5.0,3.0,209,2090125B,right_only
8831,,,,,,,,,,,,,,,,,,,,,,,,,,,,,,,,,,,,,,,,,,,,,,2090126,2090126,5084.0,528.0,814.0,11.0,607.0,712.0,30.0,548.0,755.0,43.0,523.0,769.0,46.0,552.0,712.0,68.0,565.0,711.0,64.0,526.0,761.0,43.0,550.0,724.0,56.0,554.0,780.0,560.0,767.0,558.0,775.0,533.0,750.0,48.0,559.0,766.0,644.0,377.0,209,2090126,right_only
8832,,,,,,,,,,,,,,,,,,,,,,,,,,,,,,,,,,,,,,,,,,,,,,2090128,2090128,5086.0,597.0,915.0,14.0,687.0,802.0,38.0,613.0,847.0,53.0,590.0,864.0,56.0,618.0,803.0,76.0,639.0,799.0,71.0,596.0,852.0,52.0,616.0,815.0,66.0,619.0,875.0,631.0,860.0,624.0,866.0,601.0,841.0,60.0,628.0,860.0,723.0,421.0,209,2090128,right_only
8833,,,,,,,,,,,,,,,,,,,,,,,,,,,,,,,,,,,,,,,,,,,,,,2090130,2090130,5088.0,539.0,1140.0,23.0,629.0,1018.0,51.0,576.0,1056.0,64.0,533.0,1086.0,70.0,577.0,1004.0,98.0,591.0,1014.0,81.0,541.0,1084.0,60.0,573.0,1022.0,82.0,571.0,1105.0,580.0,1091.0,585.0,1086.0,544.0,1058.0,80.0,583.0,1084.0,679.0,550.0,209,2090130,right_only
8834,,,,,,,,,,,,,,,,,,,,,,,,,,,,,,,,,,,,,,,,,,,,,,2090220,2090220,5089.0,898.0,1251.0,23.0,1050.0,1042.0,75.0,925.0,1151.0,79.0,894.0,1176.0,84.0,954.0,1059.0,110.0,999.0,1033.0,102.0,883.0,1157.0,82.0,931.0,1079.0,105.0,950.0,1167.0,970.0,1141.0,971.0,1145.0,917.0,1106.0,93.0,965.0,1135.0,1063.0,613.0,209,2090220,right_only
8835,,,,,,,,,,,,,,,,,,,,,,,,,,,,,,,,,,,,,,,,,,,,,,2090222,2090222,5091.0,717.0,819.0,16.0,831.0,682.0,41.0,757.0,743.0,44.0,730.0,762.0,51.0,783.0,672.0,73.0,788.0,667.0,74.0,725.0,743.0,54.0,763.0,694.0,60.0,783.0,744.0,783.0,739.0,781.0,743.0,746.0,712.0,60.0,789.0,727.0,861.0,370.0,209,2090222,right_only
8836,,,,,,,,,,,,,,,,,,,,,,,,,,,,,,,,,,,,,,,,,,,,,,2090227A,2090227A,5096.0,637.0,1273.0,19.0,752.0,1127.0,44.0,664.0,1196.0,58.0,631.0,1217.0,62.0,686.0,1123.0,85.0,703.0,1116.0,87.0,637.0,1203.0,61.0,661.0,1150.0,81.0,672.0,1217.0,685.0,1205.0,680.0,1212.0,642.0,1179.0,68.0,678.0,1202.0,807.0,584.0,209,2090227A,right_only
8837,,,,,,,,,,,,,,,,,,,,,,,,,,,,,,,,,,,,,,,,,,,,,,2090228A,2090228A,5098.0,217.0,434.0,7.0,258.0,383.0,14.0,225.0,406.0,19.0,216.0,415.0,24.0,235.0,382.0,30.0,239.0,380.0,33.0,217.0,408.0,22.0,224.0,390.0,28.0,230.0,415.0,235.0,408.0,234.0,411.0,220.0,403.0,25.0,233.0,408.0,273.0,197.0,209,2090228A,right_only
8838,,,,,,,,,,,,,,,,,,,,,,,,,,,,,,,,,,,,,,,,,,,,,,2090230A,2090230A,5102.0,443.0,431.0,8.0,493.0,369.0,24.0,451.0,400.0,33.0,431.0,413.0,31.0,474.0,365.0,38.0,478.0,362.0,40.0,429.0,407.0,35.0,449.0,384.0,39.0,467.0,403.0,472.0,395.0,472.0,399.0,458.0,389.0,30.0,469.0,395.0,512.0,200.0,209,2090230A,right_only
8839,,,,,,,,,,,,,,,,,,,,,,,,,,,,,,,,,,,,,,,,,,,,,,2090231,2090231,5104.0,480.0,956.0,15.0,568.0,849.0,32.0,501.0,899.0,44.0,475.0,915.0,49.0,518.0,845.0,67.0,528.0,839.0,68.0,481.0,904.0,47.0,496.0,864.0,65.0,512.0,916.0,518.0,906.0,516.0,910.0,484.0,889.0,53.0,515.0,904.0,606.0,438.0,209,2090231,right_only
8840,,,,,,,,,,,,,,,,,,,,,,,,,,,,,,,,,,,,,,,,,,,,,,2090232A,2090232A,5105.0,787.0,522.0,15.0,869.0,425.0,30.0,778.0,500.0,44.0,759.0,509.0,48.0,809.0,442.0,55.0,833.0,430.0,56.0,776.0,486.0,46.0,783.0,456.0,57.0,799.0,495.0,811.0,479.0,819.0,472.0,777.0,474.0,49.0,811.0,475.0,861.0,258.0,209,2090232A,right_only
8841,,,,,,,,,,,,,,,,,,,,,,,,,,,,,,,,,,,,,,,,,,,,,,2090233,2090233,5108.0,214.0,423.0,7.0,254.0,379.0,15.0,222.0,400.0,20.0,214.0,406.0,21.0,230.0,375.0,31.0,236.0,371.0,31.0,215.0,401.0,21.0,221.0,385.0,27.0,227.0,406.0,230.0,402.0,229.0,403.0,215.0,396.0,24.0,229.0,401.0,269.0,196.0,209,2090233,right_only
8842,,,,,,,,,,,,,,,,,,,,,,,,,,,,,,,,,,,,,,,,,,,,,,2090235,2090235,5110.0,786.0,892.0,21.0,915.0,739.0,50.0,826.0,812.0,52.0,799.0,833.0,59.0,857.0,735.0,80.0,865.0,730.0,81.0,794.0,811.0,63.0,835.0,760.0,69.0,855.0,813.0,857.0,806.0,853.0,811.0,819.0,780.0,69.0,863.0,795.0,945.0,401.0,209,2090235,right_only
8843,,,,,,,,,,,,,,,,,,,,,,,,,,,,,,,,,,,,,,,,,,,,,,2090333A,2090333A,5120.0,1561.0,1297.0,26.0,1716.0,1106.0,65.0,1571.0,1230.0,75.0,1528.0,1250.0,86.0,1638.0,1078.0,110.0,1619.0,1099.0,129.0,1537.0,1208.0,85.0,1582.0,1114.0,111.0,1608.0,1198.0,1619.0,1175.0,1643.0,1155.0,1593.0,1135.0,80.0,1644.0,1139.0,1721.0,586.0,209,2090333A,right_only
8844,,,,,,,,,,,,,,,,,,,,,,,,,,,,,,,,,,,,,,,,,,,,,,2090333B,2090333B,5121.0,2.0,1.0,0.0,3.0,0.0,0.0,2.0,1.0,0.0,2.0,1.0,0.0,3.0,0.0,0.0,3.0,0.0,0.0,2.0,1.0,0.0,2.0,1.0,0.0,2.0,1.0,2.0,1.0,2.0,1.0,2.0,1.0,0.0,2.0,1.0,3.0,0.0,209,2090333B,right_only
8845,,,,,,,,,,,,,,,,,,,,,,,,,,,,,,,,,,,,,,,,,,,,,,2090335A,2090335A,5124.0,1298.0,993.0,27.0,1402.0,849.0,62.0,1286.0,945.0,70.0,1269.0,938.0,88.0,1327.0,823.0,119.0,1317.0,845.0,115.0,1261.0,939.0,80.0,1291.0,862.0,118.0,1338.0,919.0,1353.0,892.0,1360.0,894.0,1292.0,873.0,93.0,1348.0,881.0,1393.0,492.0,209,2090335A,right_only
8846,,,,,,,,,,,,,,,,,,,,,,,,,,,,,,,,,,,,,,,,,,,,,,2090338,2090338,5130.0,985.0,750.0,18.0,1072.0,634.0,37.0,964.0,734.0,51.0,961.0,715.0,56.0,1015.0,626.0,69.0,1023.0,626.0,73.0,965.0,693.0,49.0,995.0,640.0,70.0,1010.0,686.0,1009.0,681.0,1025.0,667.0,992.0,646.0,60.0,1024.0,660.0,1083.0,335.0,209,2090338,right_only
8847,,,,,,,,,,,,,,,,,,,,,,,,,,,,,,,,,,,,,,,,,,,,,,2090339A,2090339A,5131.0,522.0,274.0,6.0,558.0,237.0,11.0,507.0,269.0,21.0,499.0,270.0,23.0,535.0,233.0,23.0,531.0,234.0,29.0,497.0,260.0,25.0,521.0,236.0,29.0,524.0,260.0,533.0,250.0,531.0,255.0,514.0,247.0,29.0,534.0,251.0,566.0,121.0,209,2090339A,right_only
8848,,,,,,,,,,,,,,,,,,,,,,,,,,,,,,,,,,,,,,,,,,,,,,2090339B,2090339B,5132.0,2.0,1.0,0.0,2.0,1.0,0.0,2.0,1.0,0.0,2.0,1.0,0.0,2.0,1.0,0.0,2.0,1.0,0.0,2.0,1.0,0.0,2.0,1.0,0.0,2.0,1.0,2.0,1.0,2.0,1.0,2.0,1.0,0.0,2.0,1.0,2.0,0.0,209,2090339B,right_only
8849,,,,,,,,,,,,,,,,,,,,,,,,,,,,,,,,,,,,,,,,,,,,,,2090340,2090340,5136.0,382.0,816.0,17.0,443.0,710.0,48.0,402.0,740.0,52.0,387.0,745.0,56.0,419.0,672.0,84.0,437.0,681.0,59.0,398.0,730.0,50.0,418.0,681.0,70.0,417.0,748.0,421.0,736.0,424.0,739.0,397.0,712.0,56.0,422.0,738.0,496.0,401.0,209,2090340,right_only
8850,,,,,,,,,,,,,,,,,,,,,,,,,,,,,,,,,,,,,,,,,,,,,,2090413A,2090413A,5137.0,91.0,550.0,3.0,115.0,499.0,15.0,92.0,510.0,21.0,92.0,514.0,15.0,97.0,486.0,34.0,102.0,498.0,17.0,99.0,503.0,14.0,106.0,491.0,18.0,103.0,512.0,96.0,519.0,107.0,510.0,91.0,508.0,20.0,102.0,512.0,143.0,251.0,209,2090413A,right_only
8851,,,,,,,,,,,,,,,,,,,,,,,,,,,,,,,,,,,,,,,,,,,,,,2090415A,2090415A,5140.0,204.0,1077.0,6.0,270.0,969.0,31.0,225.0,966.0,51.0,220.0,974.0,54.0,219.0,927.0,85.0,244.0,943.0,57.0,215.0,979.0,38.0,225.0,939.0,58.0,212.0,1011.0,229.0,997.0,221.0,1008.0,219.0,974.0,39.0,230.0,998.0,331.0,524.0,209,2090415A,right_only
8852,,,,,,,,,,,,,,,,,,,,,,,,,,,,,,,,,,,,,,,,,,,,,,2090420A,2090420A,5146.0,280.0,266.0,7.0,320.0,218.0,13.0,278.0,255.0,19.0,281.0,246.0,21.0,303.0,225.0,16.0,298.0,224.0,22.0,283.0,244.0,16.0,291.0,239.0,15.0,293.0,248.0,300.0,240.0,301.0,240.0,287.0,237.0,19.0,304.0,237.0,329.0,109.0,209,2090420A,right_only
8853,,,,,,,,,,,,,,,,,,,,,,,,,,,,,,,,,,,,,,,,,,,,,,2090420B,2090420B,5147.0,2.0,2.0,0.0,2.0,2.0,0.0,2.0,2.0,0.0,2.0,2.0,0.0,2.0,2.0,0.0,2.0,2.0,0.0,2.0,2.0,0.0,2.0,2.0,0.0,2.0,2.0,2.0,2.0,2.0,2.0,2.0,2.0,0.0,2.0,2.0,2.0,1.0,209,2090420B,right_only
8854,,,,,,,,,,,,,,,,,,,,,,,,,,,,,,,,,,,,,,,,,,,,,,2090445,2090445,5155.0,684.0,556.0,15.0,759.0,460.0,36.0,681.0,530.0,38.0,673.0,538.0,38.0,730.0,464.0,48.0,722.0,465.0,54.0,674.0,525.0,38.0,703.0,483.0,50.0,722.0,514.0,718.0,512.0,725.0,508.0,703.0,495.0,38.0,732.0,499.0,769.0,254.0,209,2090445,right_only
8855,,,,,,,,,,,,,,,,,,,,,,,,,,,,,,,,,,,,,,,,,,,,,,2090446,2090446,5156.0,525.0,485.0,12.0,598.0,393.0,28.0,534.0,447.0,32.0,519.0,455.0,33.0,571.0,397.0,34.0,573.0,390.0,42.0,531.0,440.0,29.0,556.0,403.0,40.0,567.0,433.0,571.0,428.0,569.0,431.0,553.0,414.0,31.0,577.0,418.0,619.0,204.0,209,2090446,right_only
8856,,,,,,,,,,,,,,,,,,,,,,,,,,,,,,,,,,,,,,,,,,,,,,2090448,2090448,5158.0,775.0,632.0,15.0,859.0,523.0,39.0,772.0,603.0,45.0,762.0,610.0,46.0,826.0,529.0,53.0,821.0,530.0,60.0,764.0,600.0,45.0,799.0,549.0,55.0,820.0,584.0,818.0,581.0,825.0,578.0,798.0,562.0,46.0,832.0,565.0,873.0,290.0,209,2090448,right_only
8857,,,,,,,,,,,,,,,,,,,,,,,,,,,,,,,,,,,,,,,,,,,,,,2090449A,2090449A,5159.0,1466.0,1030.0,26.0,1610.0,860.0,52.0,1465.0,961.0,84.0,1433.0,987.0,78.0,1547.0,841.0,91.0,1543.0,839.0,116.0,1475.0,935.0,75.0,1516.0,864.0,96.0,1536.0,937.0,1539.0,926.0,1555.0,918.0,1504.0,892.0,80.0,1553.0,901.0,1616.0,478.0,209,2090449A,right_only
8858,,,,,,,,,,,,,,,,,,,,,,,,,,,,,,,,,,,,,,,,,,,,,,2090449C,2090449C,5161.0,1.0,0.0,0.0,1.0,0.0,0.0,1.0,0.0,0.0,1.0,0.0,0.0,2.0,0.0,0.0,2.0,0.0,0.0,1.0,0.0,0.0,1.0,0.0,0.0,2.0,0.0,1.0,0.0,2.0,0.0,1.0,0.0,0.0,1.0,0.0,1.0,0.0,209,2090449C,right_only
8859,,,,,,,,,,,,,,,,,,,,,,,,,,,,,,,,,,,,,,,,,,,,,,2190045A,2190045A,5486.0,372.0,129.0,4.0,388.0,107.0,5.0,350.0,140.0,13.0,368.0,125.0,7.0,376.0,103.0,16.0,377.0,105.0,14.0,372.0,117.0,7.0,382.0,107.0,7.0,375.0,121.0,377.0,119.0,381.0,117.0,374.0,114.0,8.0,381.0,116.0,404.0,60.0,219,2190045A,right_only
8860,,,,,,,,,,,,,,,,,,,,,,,,,,,,,,,,,,,,,,,,,,,,,,2190045B,2190045B,5487.0,173.0,61.0,1.0,181.0,53.0,3.0,162.0,66.0,7.0,171.0,61.0,5.0,176.0,49.0,9.0,178.0,50.0,8.0,173.0,55.0,7.0,179.0,50.0,6.0,175.0,60.0,178.0,56.0,179.0,55.0,175.0,54.0,7.0,179.0,55.0,185.0,31.0,219,2190045B,right_only
8861,,,,,,,,,,,,,,,,,,,,,,,,,,,,,,,,,,,,,,,,,,,,,,2830003A,2830003A,6031.0,104.0,196.0,0.0,107.0,186.0,1.0,99.0,182.0,3.0,93.0,185.0,2.0,82.0,182.0,12.0,94.0,184.0,6.0,87.0,189.0,3.0,85.0,186.0,8.0,90.0,188.0,94.0,184.0,93.0,185.0,88.0,190.0,2.0,89.0,192.0,106.0,53.0,283,2830003A,right_only
8862,,,,,,,,,,,,,,,,,,,,,,,,,,,,,,,,,,,,,,,,,,,,,,2950207A,2950207A,6141.0,175.0,17.0,3.0,181.0,14.0,1.0,152.0,42.0,3.0,162.0,32.0,2.0,182.0,9.0,4.0,184.0,11.0,1.0,171.0,20.0,2.0,178.0,15.0,2.0,178.0,18.0,178.0,16.0,183.0,12.0,176.0,17.0,3.0,186.0,8.0,186.0,8.0,295,2950207A,right_only
8863,,,,,,,,,,,,,,,,,,,,,,,,,,,,,,,,,,,,,,,,,,,,,,2950207B,2950207B,6142.0,1.0,0.0,0.0,1.0,0.0,0.0,1.0,0.0,0.0,1.0,0.0,0.0,1.0,0.0,0.0,1.0,0.0,0.0,1.0,0.0,0.0,1.0,0.0,0.0,1.0,0.0,1.0,0.0,1.0,0.0,1.0,0.0,0.0,1.0,0.0,1.0,0.0,295,2950207B,right_only
8864,,,,,,,,,,,,,,,,,,,,,,,,,,,,,,,,,,,,,,,,,,,,,,3030002A,3030002A,6175.0,426.0,432.0,9.0,442.0,401.0,17.0,413.0,424.0,23.0,412.0,421.0,27.0,423.0,394.0,35.0,414.0,392.0,34.0,429.0,406.0,22.0,434.0,405.0,20.0,431.0,419.0,436.0,411.0,430.0,420.0,428.0,404.0,22.0,439.0,409.0,483.0,203.0,303,3030002A,right_only
8865,,,,,,,,,,,,,,,,,,,,,,,,,,,,,,,,,,,,,,,,,,,,,,3030006A,3030006A,6180.0,33.0,487.0,3.0,51.0,464.0,6.0,37.0,475.0,4.0,39.0,473.0,9.0,33.0,475.0,9.0,39.0,476.0,4.0,34.0,477.0,6.0,37.0,469.0,10.0,35.0,477.0,38.0,476.0,30.0,485.0,31.0,479.0,8.0,32.0,484.0,55.0,165.0,303,3030006A,right_only
8866,,,,,,,,,,,,,,,,,,,,,,,,,,,,,,,,,,,,,,,,,,,,,,3030031A,3030031A,6205.0,706.0,175.0,7.0,725.0,146.0,11.0,663.0,188.0,25.0,685.0,171.0,22.0,705.0,140.0,29.0,680.0,142.0,43.0,705.0,153.0,15.0,709.0,138.0,26.0,711.0,164.0,713.0,158.0,708.0,164.0,699.0,151.0,24.0,713.0,158.0,727.0,100.0,303,3030031A,right_only
8867,,,,,,,,,,,,,,,,,,,,,,,,,,,,,,,,,,,,,,,,,,,,,,3030057A,3030057A,6227.0,822.0,444.0,10.0,884.0,361.0,25.0,792.0,431.0,43.0,791.0,423.0,41.0,842.0,367.0,39.0,837.0,370.0,48.0,821.0,401.0,32.0,831.0,381.0,39.0,849.0,399.0,848.0,400.0,848.0,404.0,830.0,387.0,33.0,850.0,397.0,908.0,223.0,303,3030057A,right_only
8868,,,,,,,,,,,,,,,,,,,,,,,,,,,,,,,,,,,,,,,,,,,,,,3030057B,3030057B,6228.0,3.0,0.0,0.0,3.0,0.0,0.0,2.0,0.0,0.0,3.0,0.0,0.0,2.0,0.0,0.0,2.0,0.0,0.0,2.0,0.0,0.0,2.0,0.0,0.0,2.0,0.0,2.0,0.0,2.0,0.0,2.0,0.0,0.0,2.0,0.0,2.0,0.0,303,3030057B,right_only
8869,,,,,,,,,,,,,,,,,,,,,,,,,,,,,,,,,,,,,,,,,,,,,,3030092A,3030092A,6241.0,126.0,47.0,1.0,128.0,40.0,4.0,123.0,48.0,3.0,129.0,45.0,1.0,127.0,41.0,4.0,123.0,40.0,7.0,125.0,44.0,3.0,129.0,41.0,2.0,126.0,45.0,129.0,42.0,127.0,44.0,126.0,44.0,3.0,127.0,44.0,131.0,19.0,303,3030092A,right_only
8870,,,,,,,,,,,,,,,,,,,,,,,,,,,,,,,,,,,,,,,,,,,,,,3030092B,3030092B,6242.0,5.0,1.0,0.0,5.0,1.0,0.0,5.0,1.0,0.0,5.0,1.0,0.0,5.0,1.0,0.0,5.0,1.0,0.0,5.0,1.0,0.0,5.0,1.0,0.0,5.0,1.0,5.0,1.0,5.0,1.0,5.0,1.0,0.0,5.0,1.0,6.0,0.0,303,3030092B,right_only
8871,,,,,,,,,,,,,,,,,,,,,,,,,,,,,,,,,,,,,,,,,,,,,,3030113A,3030113A,6250.0,555.0,563.0,9.0,598.0,492.0,30.0,541.0,529.0,46.0,550.0,527.0,42.0,570.0,492.0,44.0,574.0,478.0,53.0,573.0,499.0,40.0,574.0,488.0,44.0,578.0,529.0,591.0,518.0,580.0,529.0,558.0,506.0,44.0,591.0,511.0,655.0,318.0,303,3030113A,right_only
8872,,,,,,,,,,,,,,,,,,,,,,,,,,,,,,,,,,,,,,,,,,,,,,3050001A,3050001A,6277.0,98.0,33.0,1.0,101.0,29.0,0.0,90.0,35.0,5.0,92.0,33.0,3.0,98.0,28.0,3.0,94.0,29.0,5.0,92.0,34.0,2.0,96.0,29.0,4.0,96.0,32.0,96.0,31.0,98.0,30.0,94.0,32.0,3.0,97.0,31.0,98.0,20.0,305,3050001A,right_only
8873,,,,,,,,,,,,,,,,,,,,,,,,,,,,,,,,,,,,,,,,,,,,,,3050001B,3050001B,6278.0,10.0,1.0,0.0,12.0,1.0,0.0,9.0,2.0,0.0,9.0,2.0,0.0,10.0,1.0,0.0,10.0,1.0,0.0,9.0,2.0,0.0,10.0,1.0,0.0,10.0,1.0,10.0,1.0,10.0,1.0,9.0,1.0,0.0,10.0,1.0,11.0,0.0,305,3050001B,right_only
8874,,,,,,,,,,,,,,,,,,,,,,,,,,,,,,,,,,,,,,,,,,,,,,3090053A,3090053A,6353.0,75.0,90.0,2.0,81.0,81.0,4.0,77.0,83.0,6.0,79.0,82.0,5.0,79.0,72.0,14.0,80.0,80.0,6.0,77.0,86.0,3.0,78.0,81.0,7.0,80.0,84.0,80.0,84.0,80.0,84.0,77.0,80.0,7.0,81.0,82.0,93.0,41.0,309,3090053A,right_only
8875,,,,,,,,,,,,,,,,,,,,,,,,,,,,,,,,,,,,,,,,,,,,,,3170001A,3170001A,6413.0,278.0,68.0,1.0,282.0,59.0,5.0,267.0,67.0,9.0,268.0,66.0,8.0,268.0,63.0,6.0,272.0,60.0,14.0,273.0,61.0,10.0,272.0,61.0,8.0,275.0,63.0,277.0,62.0,276.0,63.0,270.0,61.0,9.0,272.0,65.0,284.0,34.0,317,3170001A,right_only
8876,,,,,,,,,,,,,,,,,,,,,,,,,,,,,,,,,,,,,,,,,,,,,,3170003A,3170003A,6416.0,315.0,40.0,5.0,310.0,40.0,4.0,280.0,62.0,7.0,305.0,40.0,5.0,304.0,34.0,8.0,305.0,29.0,15.0,305.0,37.0,5.0,294.0,37.0,11.0,307.0,33.0,305.0,33.0,301.0,38.0,300.0,33.0,7.0,302.0,35.0,309.0,17.0,317,3170003A,right_only
8877,,,,,,,,,,,,,,,,,,,,,,,,,,,,,,,,,,,,,,,,,,,,,,323002BA,323002BA,6447.0,26.0,79.0,2.0,30.0,72.0,2.0,25.0,74.0,3.0,22.0,74.0,4.0,22.0,70.0,9.0,26.0,72.0,3.0,22.0,74.0,4.0,20.0,74.0,6.0,23.0,76.0,25.0,75.0,25.0,75.0,22.0,75.0,3.0,24.0,75.0,33.0,33.0,323,323002BA,right_only
8878,,,,,,,,,,,,,,,,,,,,,,,,,,,,,,,,,,,,,,,,,,,,,,323002BB,323002BB,6448.0,50.0,156.0,1.0,59.0,143.0,0.0,48.0,145.0,3.0,42.0,146.0,5.0,41.0,139.0,16.0,54.0,143.0,3.0,42.0,146.0,5.0,41.0,146.0,8.0,47.0,148.0,48.0,146.0,48.0,148.0,42.0,148.0,4.0,47.0,148.0,67.0,65.0,323,323002BB,right_only
8879,,,,,,,,,,,,,,,,,,,,,,,,,,,,,,,,,,,,,,,,,,,,,,323002BC,323002BC,6449.0,197.0,626.0,9.0,237.0,573.0,6.0,189.0,586.0,20.0,172.0,591.0,30.0,164.0,559.0,60.0,205.0,570.0,21.0,169.0,587.0,28.0,159.0,588.0,38.0,184.0,605.0,192.0,593.0,186.0,596.0,169.0,601.0,23.0,185.0,601.0,263.0,257.0,323,323002BC,right_only
8880,,,,,,,,,,,,,,,,,,,,,,,,,,,,,,,,,,,,,,,,,,,,,,3290101A,3290101A,6479.0,312.0,40.0,2.0,312.0,36.0,5.0,305.0,37.0,10.0,308.0,39.0,5.0,306.0,34.0,10.0,297.0,36.0,17.0,308.0,37.0,6.0,309.0,36.0,6.0,309.0,41.0,311.0,38.0,308.0,42.0,303.0,37.0,10.0,311.0,38.0,304.0,25.0,329,3290101A,right_only
8881,,,,,,,,,,,,,,,,,,,,,,,,,,,,,,,,,,,,,,,,,,,,,,3290106B,3290106B,6486.0,1073.0,431.0,16.0,1102.0,387.0,32.0,1066.0,415.0,36.0,1060.0,421.0,38.0,1049.0,394.0,68.0,1050.0,382.0,77.0,1045.0,421.0,41.0,1073.0,374.0,68.0,1080.0,430.0,1074.0,433.0,1076.0,433.0,1058.0,410.0,43.0,1080.0,425.0,1137.0,207.0,329,3290106B,right_only
8882,,,,,,,,,,,,,,,,,,,,,,,,,,,,,,,,,,,,,,,,,,,,,,3290108A,3290108A,6488.0,36.0,9.0,1.0,37.0,8.0,1.0,36.0,9.0,1.0,36.0,9.0,1.0,35.0,8.0,2.0,35.0,8.0,2.0,36.0,8.0,2.0,35.0,9.0,2.0,36.0,9.0,36.0,9.0,36.0,9.0,35.0,9.0,2.0,36.0,9.0,33.0,6.0,329,3290108A,right_only
8883,,,,,,,,,,,,,,,,,,,,,,,,,,,,,,,,,,,,,,,,,,,,,,3290109A,3290109A,6491.0,160.0,130.0,5.0,174.0,115.0,6.0,164.0,121.0,7.0,164.0,121.0,9.0,164.0,113.0,9.0,172.0,112.0,9.0,157.0,124.0,7.0,161.0,118.0,9.0,165.0,122.0,164.0,121.0,164.0,122.0,158.0,122.0,6.0,164.0,121.0,173.0,51.0,329,3290109A,right_only
8884,,,,,,,,,,,,,,,,,,,,,,,,,,,,,,,,,,,,,,,,,,,,,,3290401A,3290401A,6514.0,454.0,62.0,1.0,460.0,56.0,2.0,450.0,64.0,4.0,446.0,64.0,6.0,451.0,55.0,8.0,445.0,54.0,15.0,447.0,59.0,8.0,448.0,56.0,10.0,454.0,60.0,453.0,61.0,451.0,63.0,450.0,55.0,9.0,457.0,58.0,463.0,33.0,329,3290401A,right_only
8885,,,,,,,,,,,,,,,,,,,,,,,,,,,,,,,,,,,,,,,,,,,,,,3330004,3330004,6545.0,181.0,20.0,2.0,182.0,17.0,2.0,151.0,45.0,5.0,167.0,28.0,3.0,177.0,17.0,5.0,175.0,21.0,1.0,169.0,27.0,5.0,175.0,18.0,5.0,172.0,24.0,177.0,17.0,173.0,21.0,170.0,20.0,4.0,176.0,18.0,177.0,9.0,333,3330004,right_only
8886,,,,,,,,,,,,,,,,,,,,,,,,,,,,,,,,,,,,,,,,,,,,,,3390097,3390097,6667.0,1382.0,316.0,12.0,1440.0,253.0,24.0,1381.0,302.0,32.0,1374.0,293.0,43.0,1402.0,257.0,41.0,1381.0,264.0,61.0,1372.0,298.0,32.0,1397.0,263.0,40.0,1410.0,289.0,1410.0,286.0,1414.0,286.0,1392.0,275.0,35.0,1422.0,277.0,1437.0,143.0,339,3390097,right_only
8887,,,,,,,,,,,,,,,,,,,,,,,,,,,,,,,,,,,,,,,,,,,,,,3390098,3390098,6668.0,743.0,395.0,5.0,805.0,326.0,13.0,751.0,370.0,19.0,734.0,381.0,20.0,773.0,324.0,29.0,766.0,332.0,33.0,741.0,365.0,21.0,775.0,327.0,28.0,761.0,360.0,761.0,358.0,772.0,353.0,755.0,346.0,21.0,779.0,341.0,808.0,155.0,339,3390098,right_only
8888,,,,,,,,,,,,,,,,,,,,,,,,,,,,,,,,,,,,,,,,,,,,,,3390099,3390099,6669.0,893.0,177.0,5.0,927.0,142.0,12.0,881.0,179.0,16.0,884.0,175.0,17.0,905.0,138.0,23.0,893.0,139.0,34.0,892.0,156.0,15.0,901.0,142.0,23.0,907.0,158.0,907.0,159.0,908.0,156.0,896.0,151.0,19.0,913.0,149.0,928.0,75.0,339,3390099,right_only
8889,,,,,,,,,,,,,,,,,,,,,,,,,,,,,,,,,,,,,,,,,,,,,,3390100,3390100,6670.0,1201.0,752.0,19.0,1302.0,635.0,34.0,1220.0,702.0,45.0,1209.0,699.0,52.0,1253.0,643.0,57.0,1252.0,638.0,66.0,1208.0,700.0,43.0,1263.0,638.0,53.0,1254.0,698.0,1255.0,693.0,1258.0,693.0,1240.0,671.0,41.0,1271.0,673.0,1338.0,316.0,339,3390100,right_only
8890,,,,,,,,,,,,,,,,,,,,,,,,,,,,,,,,,,,,,,,,,,,,,,3510008A,3510008A,6754.0,109.0,41.0,1.0,112.0,37.0,1.0,108.0,40.0,1.0,108.0,39.0,2.0,108.0,37.0,1.0,108.0,39.0,1.0,108.0,37.0,2.0,108.0,39.0,1.0,108.0,41.0,108.0,41.0,108.0,41.0,108.0,39.0,1.0,108.0,40.0,109.0,15.0,351,3510008A,right_only
8891,,,,,,,,,,,,,,,,,,,,,,,,,,,,,,,,,,,,,,,,,,,,,,3510008B,3510008B,6755.0,31.0,10.0,0.0,31.0,9.0,0.0,30.0,10.0,0.0,30.0,10.0,1.0,30.0,10.0,1.0,29.0,10.0,1.0,29.0,10.0,1.0,30.0,10.0,1.0,29.0,10.0,29.0,10.0,29.0,10.0,30.0,10.0,0.0,30.0,10.0,31.0,3.0,351,3510008B,right_only
8892,,,,,,,,,,,,,,,,,,,,,,,,,,,,,,,,,,,,,,,,,,,,,,3550092A,3550092A,6870.0,495.0,522.0,10.0,577.0,428.0,20.0,486.0,500.0,21.0,471.0,514.0,29.0,515.0,437.0,50.0,543.0,429.0,41.0,474.0,503.0,29.0,508.0,456.0,39.0,493.0,507.0,501.0,493.0,501.0,493.0,488.0,480.0,30.0,524.0,470.0,595.0,268.0,355,3550092A,right_only
8893,,,,,,,,,,,,,,,,,,,,,,,,,,,,,,,,,,,,,,,,,,,,,,3550092B,3550092B,6871.0,23.0,25.0,0.0,27.0,20.0,0.0,23.0,23.0,1.0,22.0,24.0,2.0,25.0,21.0,2.0,25.0,20.0,2.0,23.0,23.0,2.0,23.0,21.0,2.0,23.0,23.0,23.0,23.0,23.0,23.0,23.0,23.0,2.0,25.0,22.0,27.0,13.0,355,3550092B,right_only
8894,,,,,,,,,,,,,,,,,,,,,,,,,,,,,,,,,,,,,,,,,,,,,,3830003A,3830003A,7145.0,182.0,34.0,2.0,183.0,27.0,3.0,159.0,58.0,2.0,177.0,35.0,2.0,176.0,29.0,6.0,173.0,35.0,6.0,177.0,31.0,3.0,177.0,30.0,3.0,176.0,35.0,178.0,29.0,176.0,32.0,176.0,33.0,3.0,178.0,30.0,186.0,16.0,383,3830003A,right_only
8895,,,,,,,,,,,,,,,,,,,,,,,,,,,,,,,,,,,,,,,,,,,,,,3830003B,3830003B,7146.0,22.0,0.0,0.0,22.0,0.0,0.0,17.0,2.0,0.0,22.0,0.0,0.0,21.0,0.0,0.0,18.0,0.0,0.0,21.0,0.0,0.0,22.0,0.0,0.0,19.0,0.0,22.0,0.0,20.0,0.0,21.0,0.0,0.0,22.0,0.0,22.0,0.0,383,3830003B,right_only
8896,,,,,,,,,,,,,,,,,,,,,,,,,,,,,,,,,,,,,,,,,,,,,,3970001A,3970001A,7217.0,2226.0,1075.0,34.0,2443.0,814.0,70.0,2226.0,1016.0,76.0,2187.0,1029.0,87.0,2347.0,845.0,89.0,2401.0,797.0,103.0,2262.0,956.0,65.0,2347.0,861.0,74.0,2337.0,953.0,2363.0,921.0,2354.0,928.0,2308.0,895.0,76.0,2363.0,908.0,2480.0,596.0,397,3970001A,right_only
8897,,,,,,,,,,,,,,,,,,,,,,,,,,,,,,,,,,,,,,,,,,,,,,397001AA,397001AA,7222.0,1003.0,608.0,20.0,1093.0,496.0,41.0,997.0,576.0,51.0,981.0,587.0,54.0,1043.0,514.0,58.0,1058.0,506.0,53.0,1012.0,559.0,47.0,1044.0,520.0,52.0,1057.0,559.0,1061.0,552.0,1059.0,555.0,1026.0,542.0,50.0,1071.0,541.0,1133.0,354.0,397,397001AA,right_only
8898,,,,,,,,,,,,,,,,,,,,,,,,,,,,,,,,,,,,,,,,,,,,,,397001AB,397001AB,7223.0,312.0,189.0,7.0,343.0,156.0,8.0,314.0,180.0,13.0,310.0,180.0,17.0,324.0,160.0,19.0,332.0,158.0,17.0,318.0,176.0,11.0,326.0,164.0,15.0,326.0,176.0,329.0,173.0,327.0,174.0,324.0,169.0,13.0,333.0,170.0,353.0,110.0,397,397001AB,right_only
8899,,,,,,,,,,,,,,,,,,,,,,,,,,,,,,,,,,,,,,,,,,,,,,3990004A,3990004A,7239.0,132.0,23.0,2.0,133.0,21.0,4.0,119.0,33.0,5.0,127.0,27.0,3.0,129.0,21.0,6.0,129.0,21.0,7.0,127.0,25.0,5.0,127.0,24.0,5.0,131.0,25.0,132.0,23.0,133.0,23.0,128.0,24.0,5.0,132.0,23.0,133.0,9.0,399,3990004A,right_only
8900,,,,,,,,,,,,,,,,,,,,,,,,,,,,,,,,,,,,,,,,,,,,,,3990004B,3990004B,7240.0,7.0,0.0,0.0,7.0,0.0,0.0,6.0,0.0,0.0,6.0,0.0,0.0,7.0,0.0,0.0,7.0,0.0,0.0,7.0,0.0,0.0,7.0,0.0,0.0,7.0,0.0,7.0,0.0,7.0,0.0,7.0,0.0,0.0,7.0,0.0,7.0,0.0,399,3990004B,right_only
8901,,,,,,,,,,,,,,,,,,,,,,,,,,,,,,,,,,,,,,,,,,,,,,4010314A,4010314A,7258.0,485.0,55.0,4.0,485.0,53.0,3.0,445.0,80.0,9.0,469.0,60.0,5.0,464.0,55.0,8.0,465.0,56.0,13.0,467.0,58.0,5.0,465.0,55.0,7.0,471.0,55.0,467.0,57.0,468.0,55.0,467.0,54.0,5.0,468.0,53.0,468.0,26.0,401,4010314A,right_only
8902,,,,,,,,,,,,,,,,,,,,,,,,,,,,,,,,,,,,,,,,,,,,,,4010314B,4010314B,7259.0,44.0,4.0,0.0,44.0,3.0,0.0,41.0,7.0,0.0,43.0,6.0,0.0,42.0,4.0,0.0,42.0,5.0,0.0,42.0,5.0,0.0,42.0,5.0,0.0,43.0,4.0,43.0,5.0,43.0,5.0,43.0,3.0,0.0,43.0,3.0,43.0,2.0,401,4010314B,right_only
8903,,,,,,,,,,,,,,,,,,,,,,,,,,,,,,,,,,,,,,,,,,,,,,4170406A,4170406A,7353.0,136.0,21.0,1.0,139.0,18.0,0.0,133.0,23.0,0.0,130.0,25.0,1.0,133.0,18.0,3.0,134.0,17.0,4.0,136.0,22.0,0.0,132.0,21.0,2.0,137.0,16.0,136.0,17.0,135.0,17.0,129.0,21.0,3.0,134.0,19.0,133.0,10.0,417,4170406A,right_only
8904,,,,,,,,,,,,,,,,,,,,,,,,,,,,,,,,,,,,,,,,,,,,,,4170406B,4170406B,7354.0,2.0,0.0,0.0,2.0,0.0,0.0,2.0,0.0,0.0,2.0,0.0,0.0,2.0,0.0,0.0,2.0,0.0,0.0,2.0,0.0,0.0,2.0,0.0,0.0,2.0,0.0,2.0,0.0,2.0,0.0,2.0,0.0,0.0,2.0,0.0,2.0,0.0,417,4170406B,right_only
8905,,,,,,,,,,,,,,,,,,,,,,,,,,,,,,,,,,,,,,,,,,,,,,4292-19A,4292-19A,7465.0,41.0,2.0,0.0,41.0,1.0,0.0,41.0,2.0,0.0,41.0,1.0,0.0,41.0,1.0,0.0,41.0,2.0,0.0,41.0,1.0,0.0,41.0,1.0,0.0,41.0,1.0,41.0,1.0,41.0,1.0,41.0,1.0,0.0,41.0,1.0,41.0,1.0,429,4292-19A,right_only
8906,,,,,,,,,,,,,,,,,,,,,,,,,,,,,,,,,,,,,,,,,,,,,,4292-19B,4292-19B,7466.0,95.0,8.0,0.0,95.0,7.0,1.0,95.0,7.0,1.0,97.0,6.0,1.0,97.0,6.0,0.0,94.0,7.0,1.0,95.0,7.0,0.0,94.0,6.0,2.0,96.0,7.0,97.0,6.0,97.0,6.0,96.0,6.0,0.0,97.0,6.0,94.0,7.0,429,4292-19B,right_only
8907,,,,,,,,,,,,,,,,,,,,,,,,,,,,,,,,,,,,,,,,,,,,,,4310001A,4310001A,7473.0,96.0,8.0,0.0,96.0,6.0,0.0,77.0,20.0,1.0,93.0,8.0,1.0,91.0,6.0,1.0,85.0,9.0,4.0,92.0,9.0,1.0,95.0,5.0,1.0,95.0,7.0,95.0,6.0,95.0,6.0,95.0,6.0,1.0,95.0,6.0,95.0,5.0,431,4310001A,right_only
8908,,,,,,,,,,,,,,,,,,,,,,,,,,,,,,,,,,,,,,,,,,,,,,4310001B,4310001B,7474.0,29.0,4.0,0.0,28.0,4.0,0.0,23.0,8.0,1.0,27.0,4.0,0.0,27.0,4.0,1.0,27.0,4.0,1.0,27.0,4.0,0.0,27.0,3.0,1.0,28.0,4.0,28.0,4.0,28.0,4.0,27.0,4.0,0.0,27.0,4.0,28.0,3.0,431,4310001B,right_only
8909,,,,,,,,,,,,,,,,,,,,,,,,,,,,,,,,,,,,,,,,,,,,,,4310002A,4310002A,7475.0,62.0,10.0,0.0,65.0,9.0,1.0,58.0,13.0,1.0,62.0,10.0,0.0,66.0,7.0,1.0,65.0,6.0,3.0,65.0,9.0,0.0,64.0,9.0,0.0,63.0,9.0,63.0,8.0,63.0,8.0,62.0,9.0,0.0,64.0,9.0,64.0,6.0,431,4310002A,right_only
8910,,,,,,,,,,,,,,,,,,,,,,,,,,,,,,,,,,,,,,,,,,,,,,4310002B,4310002B,7476.0,6.0,1.0,0.0,6.0,0.0,0.0,6.0,2.0,0.0,6.0,1.0,0.0,6.0,0.0,0.0,6.0,0.0,0.0,6.0,0.0,0.0,6.0,0.0,0.0,6.0,0.0,6.0,0.0,6.0,0.0,6.0,0.0,0.0,6.0,0.0,6.0,0.0,431,4310002B,right_only
8911,,,,,,,,,,,,,,,,,,,,,,,,,,,,,,,,,,,,,,,,,,,,,,4310002C,4310002C,7477.0,10.0,2.0,0.0,10.0,1.0,1.0,10.0,2.0,1.0,10.0,2.0,1.0,11.0,1.0,1.0,11.0,1.0,1.0,10.0,1.0,1.0,10.0,1.0,1.0,10.0,1.0,10.0,1.0,10.0,1.0,10.0,1.0,1.0,10.0,1.0,10.0,1.0,431,4310002C,right_only
8912,,,,,,,,,,,,,,,,,,,,,,,,,,,,,,,,,,,,,,,,,,,,,,4310002D,4310002D,7478.0,3.0,1.0,0.0,3.0,1.0,0.0,3.0,1.0,0.0,3.0,1.0,0.0,3.0,0.0,0.0,3.0,0.0,0.0,3.0,0.0,0.0,3.0,0.0,0.0,3.0,0.0,3.0,0.0,3.0,0.0,3.0,1.0,0.0,3.0,0.0,3.0,0.0,431,4310002D,right_only
8913,,,,,,,,,,,,,,,,,,,,,,,,,,,,,,,,,,,,,,,,,,,,,,4391227A,4391227A,7576.0,153.0,441.0,4.0,184.0,404.0,14.0,163.0,427.0,12.0,158.0,426.0,14.0,158.0,416.0,20.0,167.0,417.0,16.0,158.0,424.0,13.0,160.0,412.0,23.0,158.0,433.0,160.0,430.0,160.0,431.0,157.0,424.0,12.0,159.0,432.0,184.0,164.0,439,4391227A,right_only
8914,,,,,,,,,,,,,,,,,,,,,,,,,,,,,,,,,,,,,,,,,,,,,,4391277A,4391277A,7591.0,426.0,461.0,7.0,458.0,407.0,26.0,424.0,441.0,21.0,401.0,458.0,24.0,431.0,407.0,38.0,433.0,408.0,39.0,421.0,433.0,25.0,442.0,401.0,34.0,438.0,432.0,438.0,427.0,436.0,435.0,424.0,425.0,28.0,447.0,420.0,472.0,159.0,439,4391277A,right_only
8915,,,,,,,,,,,,,,,,,,,,,,,,,,,,,,,,,,,,,,,,,,,,,,4391710,4391710,7709.0,568.0,573.0,7.0,616.0,513.0,26.0,571.0,545.0,31.0,572.0,549.0,24.0,569.0,524.0,40.0,577.0,523.0,40.0,565.0,542.0,28.0,573.0,522.0,40.0,581.0,553.0,587.0,548.0,589.0,542.0,572.0,537.0,27.0,587.0,544.0,627.0,207.0,439,4391710,right_only
8916,,,,,,,,,,,,,,,,,,,,,,,,,,,,,,,,,,,,,,,,,,,,,,4391714,4391714,7710.0,429.0,1257.0,11.0,516.0,1140.0,35.0,453.0,1206.0,28.0,444.0,1204.0,35.0,444.0,1177.0,54.0,466.0,1178.0,41.0,443.0,1203.0,33.0,453.0,1164.0,58.0,445.0,1229.0,449.0,1214.0,451.0,1224.0,437.0,1204.0,32.0,448.0,1227.0,523.0,459.0,439,4391714,right_only
8917,,,,,,,,,,,,,,,,,,,,,,,,,,,,,,,,,,,,,,,,,,,,,,4391715,4391715,7711.0,228.0,340.0,6.0,263.0,300.0,10.0,232.0,325.0,13.0,229.0,328.0,11.0,239.0,309.0,17.0,248.0,308.0,14.0,230.0,325.0,11.0,242.0,309.0,16.0,242.0,324.0,245.0,323.0,244.0,325.0,236.0,321.0,11.0,247.0,321.0,268.0,111.0,439,4391715,right_only
8918,,,,,,,,,,,,,,,,,,,,,,,,,,,,,,,,,,,,,,,,,,,,,,4391717,4391717,7712.0,546.0,383.0,8.0,587.0,337.0,13.0,546.0,373.0,17.0,535.0,377.0,17.0,547.0,350.0,30.0,550.0,351.0,27.0,538.0,372.0,17.0,554.0,344.0,30.0,551.0,375.0,555.0,373.0,555.0,371.0,543.0,365.0,16.0,554.0,371.0,580.0,151.0,439,4391717,right_only
8919,,,,,,,,,,,,,,,,,,,,,,,,,,,,,,,,,,,,,,,,,,,,,,4391718,4391718,7713.0,181.0,351.0,6.0,205.0,319.0,11.0,186.0,335.0,13.0,179.0,338.0,15.0,189.0,322.0,20.0,197.0,320.0,15.0,180.0,338.0,13.0,189.0,321.0,20.0,189.0,340.0,189.0,339.0,189.0,338.0,186.0,331.0,16.0,191.0,336.0,213.0,106.0,439,4391718,right_only
8920,,,,,,,,,,,,,,,,,,,,,,,,,,,,,,,,,,,,,,,,,,,,,,4391719,4391719,7714.0,1226.0,646.0,22.0,1316.0,532.0,40.0,1223.0,611.0,48.0,1187.0,633.0,61.0,1249.0,536.0,66.0,1274.0,525.0,70.0,1220.0,590.0,49.0,1248.0,546.0,68.0,1256.0,593.0,1261.0,575.0,1261.0,582.0,1236.0,551.0,55.0,1267.0,567.0,1309.0,251.0,439,4391719,right_only
8921,,,,,,,,,,,,,,,,,,,,,,,,,,,,,,,,,,,,,,,,,,,,,,4391722,4391722,7715.0,118.0,140.0,2.0,131.0,123.0,4.0,119.0,134.0,5.0,118.0,133.0,6.0,121.0,127.0,10.0,126.0,124.0,9.0,119.0,132.0,5.0,122.0,124.0,10.0,124.0,132.0,124.0,131.0,124.0,132.0,121.0,128.0,8.0,124.0,131.0,133.0,53.0,439,4391722,right_only
8922,,,,,,,,,,,,,,,,,,,,,,,,,,,,,,,,,,,,,,,,,,,,,,4391723,4391723,7716.0,115.0,199.0,3.0,129.0,181.0,5.0,118.0,191.0,6.0,116.0,192.0,6.0,119.0,182.0,9.0,124.0,179.0,9.0,116.0,189.0,5.0,120.0,182.0,8.0,120.0,192.0,122.0,188.0,120.0,191.0,117.0,188.0,5.0,122.0,187.0,133.0,73.0,439,4391723,right_only
8923,,,,,,,,,,,,,,,,,,,,,,,,,,,,,,,,,,,,,,,,,,,,,,4392158A,4392158A,7737.0,773.0,688.0,16.0,833.0,614.0,24.0,774.0,662.0,32.0,761.0,677.0,31.0,795.0,621.0,35.0,825.0,606.0,36.0,765.0,662.0,27.0,794.0,624.0,42.0,796.0,658.0,805.0,648.0,796.0,654.0,785.0,648.0,24.0,801.0,644.0,851.0,271.0,439,4392158A,right_only
8924,,,,,,,,,,,,,,,,,,,,,,,,,,,,,,,,,,,,,,,,,,,,,,4392274A,4392274A,7769.0,2.0,0.0,0.0,2.0,0.0,0.0,2.0,0.0,0.0,2.0,0.0,0.0,2.0,0.0,0.0,2.0,0.0,0.0,2.0,0.0,0.0,2.0,0.0,0.0,2.0,0.0,2.0,0.0,2.0,0.0,2.0,0.0,0.0,2.0,0.0,2.0,0.0,439,4392274A,right_only
8925,,,,,,,,,,,,,,,,,,,,,,,,,,,,,,,,,,,,,,,,,,,,,,4392708,4392708,7882.0,475.0,823.0,5.0,542.0,740.0,25.0,489.0,790.0,27.0,471.0,800.0,30.0,497.0,757.0,42.0,523.0,746.0,26.0,490.0,787.0,20.0,496.0,760.0,36.0,502.0,789.0,503.0,787.0,500.0,791.0,496.0,776.0,24.0,510.0,782.0,558.0,316.0,439,4392708,right_only
8926,,,,,,,,,,,,,,,,,,,,,,,,,,,,,,,,,,,,,,,,,,,,,,4392712,4392712,7883.0,835.0,974.0,15.0,913.0,870.0,32.0,831.0,937.0,47.0,827.0,941.0,40.0,868.0,867.0,63.0,886.0,867.0,47.0,843.0,918.0,33.0,867.0,870.0,57.0,877.0,916.0,877.0,913.0,877.0,916.0,853.0,903.0,35.0,876.0,914.0,940.0,372.0,439,4392712,right_only
8927,,,,,,,,,,,,,,,,,,,,,,,,,,,,,,,,,,,,,,,,,,,,,,4392721,4392721,7884.0,687.0,432.0,10.0,737.0,369.0,20.0,688.0,406.0,27.0,674.0,416.0,33.0,695.0,377.0,41.0,714.0,376.0,34.0,677.0,410.0,27.0,704.0,379.0,36.0,710.0,408.0,707.0,403.0,699.0,411.0,690.0,390.0,30.0,708.0,400.0,741.0,158.0,439,4392721,right_only
8928,,,,,,,,,,,,,,,,,,,,,,,,,,,,,,,,,,,,,,,,,,,,,,4392726,4392726,7885.0,359.0,874.0,12.0,431.0,781.0,25.0,387.0,824.0,25.0,364.0,842.0,28.0,372.0,810.0,43.0,405.0,801.0,28.0,370.0,840.0,19.0,379.0,810.0,37.0,388.0,844.0,390.0,841.0,390.0,841.0,375.0,830.0,21.0,387.0,841.0,438.0,319.0,439,4392726,right_only
8929,,,,,,,,,,,,,,,,,,,,,,,,,,,,,,,,,,,,,,,,,,,,,,4392727,4392727,7886.0,227.0,195.0,4.0,252.0,164.0,9.0,232.0,182.0,10.0,226.0,184.0,12.0,237.0,168.0,13.0,240.0,164.0,14.0,229.0,180.0,9.0,237.0,167.0,14.0,237.0,178.0,237.0,179.0,233.0,182.0,232.0,175.0,9.0,238.0,176.0,254.0,76.0,439,4392727,right_only
8930,,,,,,,,,,,,,,,,,,,,,,,,,,,,,,,,,,,,,,,,,,,,,,4393469A,4393469A,7981.0,455.0,373.0,9.0,509.0,306.0,23.0,465.0,349.0,22.0,464.0,344.0,21.0,482.0,310.0,31.0,507.0,289.0,30.0,472.0,333.0,18.0,488.0,301.0,29.0,483.0,337.0,488.0,330.0,491.0,328.0,478.0,318.0,19.0,494.0,320.0,522.0,132.0,439,4393469A,right_only
8931,,,,,,,,,,,,,,,,,,,,,,,,,,,,,,,,,,,,,,,,,,,,,,4393706,4393706,8040.0,744.0,574.0,19.0,822.0,474.0,39.0,765.0,521.0,43.0,741.0,535.0,47.0,768.0,482.0,57.0,798.0,466.0,53.0,751.0,513.0,42.0,784.0,477.0,48.0,787.0,520.0,788.0,516.0,787.0,519.0,762.0,501.0,45.0,795.0,506.0,824.0,253.0,439,4393706,right_only
8932,,,,,,,,,,,,,,,,,,,,,,,,,,,,,,,,,,,,,,,,,,,,,,4393709,4393709,8041.0,545.0,370.0,7.0,593.0,308.0,21.0,550.0,337.0,32.0,542.0,348.0,27.0,567.0,302.0,40.0,585.0,298.0,32.0,554.0,328.0,25.0,567.0,307.0,36.0,568.0,339.0,577.0,327.0,569.0,337.0,564.0,314.0,32.0,577.0,326.0,604.0,153.0,439,4393709,right_only
8933,,,,,,,,,,,,,,,,,,,,,,,,,,,,,,,,,,,,,,,,,,,,,,4393716,4393716,8042.0,926.0,416.0,10.0,994.0,333.0,21.0,936.0,379.0,31.0,918.0,384.0,36.0,952.0,342.0,36.0,972.0,329.0,39.0,936.0,365.0,26.0,949.0,345.0,37.0,955.0,372.0,957.0,368.0,957.0,368.0,949.0,357.0,23.0,968.0,357.0,992.0,162.0,439,4393716,right_only
8934,,,,,,,,,,,,,,,,,,,,,,,,,,,,,,,,,,,,,,,,,,,,,,4393720,4393720,8043.0,1390.0,544.0,19.0,1498.0,415.0,30.0,1403.0,489.0,42.0,1390.0,488.0,50.0,1431.0,425.0,49.0,1460.0,404.0,50.0,1399.0,468.0,38.0,1439.0,417.0,52.0,1433.0,478.0,1435.0,471.0,1426.0,481.0,1417.0,444.0,46.0,1447.0,452.0,1483.0,199.0,439,4393720,right_only
8935,,,,,,,,,,,,,,,,,,,,,,,,,,,,,,,,,,,,,,,,,,,,,,4393725,4393725,8044.0,908.0,481.0,13.0,982.0,391.0,25.0,921.0,436.0,35.0,901.0,459.0,26.0,932.0,395.0,47.0,966.0,383.0,32.0,911.0,437.0,33.0,938.0,395.0,41.0,940.0,431.0,945.0,423.0,941.0,431.0,931.0,407.0,35.0,945.0,424.0,986.0,202.0,439,4393725,right_only
8936,,,,,,,,,,,,,,,,,,,,,,,,,,,,,,,,,,,,,,,,,,,,,,4393728,4393728,8045.0,767.0,433.0,10.0,852.0,334.0,21.0,779.0,397.0,31.0,775.0,405.0,23.0,810.0,346.0,37.0,835.0,335.0,29.0,795.0,379.0,22.0,816.0,342.0,34.0,805.0,387.0,811.0,376.0,803.0,384.0,795.0,370.0,22.0,817.0,367.0,842.0,148.0,439,4393728,right_only
8937,,,,,,,,,,,,,,,,,,,,,,,,,,,,,,,,,,,,,,,,,,,,,,4393729,4393729,8046.0,3.0,2.0,0.0,3.0,2.0,0.0,3.0,2.0,0.0,3.0,2.0,0.0,3.0,2.0,0.0,3.0,2.0,0.0,3.0,2.0,0.0,3.0,2.0,0.0,3.0,2.0,3.0,2.0,3.0,2.0,3.0,2.0,0.0,3.0,2.0,2.0,1.0,439,4393729,right_only
8938,,,,,,,,,,,,,,,,,,,,,,,,,,,,,,,,,,,,,,,,,,,,,,4394044A,4394044A,8053.0,1099.0,460.0,12.0,1159.0,380.0,28.0,1095.0,432.0,33.0,1076.0,443.0,42.0,1109.0,390.0,49.0,1129.0,376.0,50.0,1092.0,426.0,29.0,1120.0,385.0,45.0,1129.0,419.0,1129.0,417.0,1124.0,424.0,1112.0,401.0,38.0,1135.0,411.0,1161.0,198.0,439,4394044A,right_only
8939,,,,,,,,,,,,,,,,,,,,,,,,,,,,,,,,,,,,,,,,,,,,,,4394245A,4394245A,8123.0,4.0,52.0,0.0,4.0,52.0,1.0,4.0,52.0,0.0,4.0,52.0,0.0,4.0,51.0,1.0,5.0,51.0,1.0,4.0,51.0,1.0,4.0,52.0,1.0,5.0,52.0,5.0,52.0,5.0,51.0,5.0,51.0,1.0,5.0,52.0,5.0,15.0,439,4394245A,right_only
8940,,,,,,,,,,,,,,,,,,,,,,,,,,,,,,,,,,,,,,,,,,,,,,4394705,4394705,8230.0,549.0,500.0,10.0,596.0,446.0,18.0,557.0,474.0,21.0,553.0,480.0,22.0,567.0,449.0,31.0,577.0,443.0,30.0,556.0,469.0,18.0,569.0,449.0,29.0,576.0,469.0,577.0,464.0,570.0,472.0,570.0,458.0,18.0,576.0,463.0,609.0,209.0,439,4394705,right_only
8941,,,,,,,,,,,,,,,,,,,,,,,,,,,,,,,,,,,,,,,,,,,,,,4394707,4394707,8231.0,347.0,411.0,9.0,375.0,374.0,17.0,353.0,385.0,25.0,348.0,383.0,29.0,345.0,365.0,42.0,358.0,369.0,30.0,337.0,388.0,28.0,345.0,367.0,38.0,359.0,389.0,360.0,387.0,359.0,389.0,344.0,384.0,29.0,358.0,390.0,387.0,180.0,439,4394707,right_only
8942,,,,,,,,,,,,,,,,,,,,,,,,,,,,,,,,,,,,,,,,,,,,,,4394711,4394711,8232.0,539.0,569.0,8.0,597.0,495.0,18.0,547.0,529.0,31.0,544.0,537.0,26.0,560.0,502.0,40.0,570.0,498.0,34.0,555.0,525.0,22.0,557.0,502.0,40.0,562.0,535.0,570.0,527.0,564.0,532.0,553.0,513.0,34.0,572.0,523.0,603.0,229.0,439,4394711,right_only
8943,,,,,,,,,,,,,,,,,,,,,,,,,,,,,,,,,,,,,,,,,,,,,,4394713,4394713,8233.0,995.0,646.0,15.0,1077.0,539.0,34.0,1012.0,602.0,38.0,987.0,616.0,43.0,1015.0,545.0,73.0,1047.0,532.0,56.0,974.0,615.0,42.0,1019.0,550.0,64.0,1031.0,594.0,1037.0,581.0,1025.0,591.0,1010.0,562.0,44.0,1041.0,578.0,1081.0,253.0,439,4394713,right_only
8944,,,,,,,,,,,,,,,,,,,,,,,,,,,,,,,,,,,,,,,,,,,,,,4394724,4394724,8234.0,529.0,216.0,4.0,556.0,178.0,13.0,528.0,201.0,18.0,515.0,206.0,18.0,534.0,180.0,22.0,541.0,176.0,23.0,528.0,200.0,16.0,539.0,179.0,22.0,540.0,198.0,541.0,197.0,539.0,199.0,534.0,186.0,18.0,545.0,191.0,556.0,92.0,439,4394724,right_only
8945,,,,,,,,,,,,,,,,,,,,,,,,,,,,,,,,,,,,,,,,,,,,,,4430002A,4430002A,8270.0,5.0,5.0,0.0,5.0,5.0,0.0,4.0,5.0,0.0,4.0,5.0,0.0,3.0,4.0,0.0,4.0,4.0,0.0,3.0,5.0,0.0,4.0,5.0,0.0,3.0,4.0,4.0,4.0,4.0,4.0,4.0,4.0,0.0,3.0,4.0,4.0,1.0,443,4430002A,right_only
8946,,,,,,,,,,,,,,,,,,,,,,,,,,,,,,,,,,,,,,,,,,,,,,4430002B,4430002B,8271.0,61.0,56.0,1.0,56.0,56.0,10.0,48.0,62.0,3.0,48.0,56.0,2.0,45.0,54.0,6.0,46.0,52.0,5.0,44.0,59.0,4.0,47.0,57.0,3.0,46.0,56.0,46.0,52.0,48.0,48.0,46.0,53.0,2.0,45.0,55.0,52.0,27.0,443,4430002B,right_only
8947,,,,,,,,,,,,,,,,,,,,,,,,,,,,,,,,,,,,,,,,,,,,,,4430004A,4430004A,8273.0,12.0,1.0,0.0,12.0,1.0,0.0,10.0,1.0,0.0,9.0,1.0,0.0,10.0,1.0,0.0,9.0,1.0,0.0,10.0,1.0,0.0,10.0,1.0,0.0,10.0,1.0,10.0,1.0,10.0,1.0,10.0,1.0,0.0,10.0,1.0,10.0,0.0,443,4430004A,right_only
8948,,,,,,,,,,,,,,,,,,,,,,,,,,,,,,,,,,,,,,,,,,,,,,4430004B,4430004B,8274.0,89.0,16.0,2.0,87.0,16.0,0.0,74.0,22.0,4.0,73.0,24.0,3.0,80.0,16.0,1.0,73.0,24.0,4.0,75.0,21.0,4.0,76.0,18.0,4.0,81.0,19.0,78.0,22.0,79.0,19.0,74.0,21.0,5.0,79.0,20.0,80.0,13.0,443,4430004B,right_only
8949,,,,,,,,,,,,,,,,,,,,,,,,,,,,,,,,,,,,,,,,,,,,,,4590019A,4590019A,8642.0,4.0,1.0,0.0,4.0,1.0,0.0,4.0,1.0,0.0,4.0,1.0,0.0,4.0,1.0,0.0,4.0,1.0,0.0,4.0,1.0,0.0,3.0,1.0,1.0,4.0,1.0,4.0,1.0,4.0,1.0,4.0,1.0,0.0,4.0,1.0,3.0,2.0,459,4590019A,right_only
8950,,,,,,,,,,,,,,,,,,,,,,,,,,,,,,,,,,,,,,,,,,,,,,4650010A,4650010A,8666.0,6.0,9.0,0.0,7.0,8.0,1.0,6.0,9.0,1.0,6.0,9.0,1.0,6.0,8.0,1.0,7.0,8.0,1.0,6.0,9.0,1.0,6.0,9.0,1.0,6.0,9.0,6.0,9.0,6.0,9.0,6.0,9.0,1.0,6.0,9.0,8.0,4.0,465,4650010A,right_only
8951,,,,,,,,,,,,,,,,,,,,,,,,,,,,,,,,,,,,,,,,,,,,,,4650010B,4650010B,8667.0,327.0,525.0,8.0,379.0,461.0,14.0,321.0,498.0,20.0,310.0,502.0,26.0,297.0,470.0,58.0,350.0,458.0,28.0,308.0,497.0,20.0,303.0,483.0,43.0,302.0,519.0,327.0,491.0,308.0,504.0,291.0,515.0,19.0,316.0,510.0,418.0,225.0,465,4650010B,right_only
8952,,,,,,,,,,,,,,,,,,,,,,,,,,,,,,,,,,,,,,,,,,,,,,4650041A,4650041A,8681.0,33.0,56.0,2.0,37.0,52.0,1.0,31.0,50.0,4.0,29.0,53.0,5.0,29.0,50.0,8.0,33.0,49.0,4.0,28.0,53.0,6.0,28.0,52.0,7.0,31.0,55.0,33.0,53.0,30.0,54.0,28.0,55.0,4.0,33.0,53.0,42.0,27.0,465,4650041A,right_only
8953,,,,,,,,,,,,,,,,,,,,,,,,,,,,,,,,,,,,,,,,,,,,,,4650041B,4650041B,8682.0,210.0,357.0,7.0,233.0,335.0,7.0,202.0,331.0,26.0,188.0,344.0,28.0,185.0,324.0,48.0,211.0,323.0,27.0,184.0,343.0,30.0,182.0,339.0,42.0,202.0,350.0,209.0,339.0,198.0,348.0,182.0,352.0,24.0,209.0,346.0,273.0,174.0,465,4650041B,right_only
8954,,,,,,,,,,,,,,,,,,,,,,,,,,,,,,,,,,,,,,,,,,,,,,4730420A,4730420A,8773.0,670.0,213.0,9.0,705.0,178.0,11.0,660.0,218.0,15.0,655.0,219.0,17.0,706.0,170.0,13.0,694.0,183.0,13.0,668.0,206.0,14.0,693.0,172.0,16.0,683.0,200.0,686.0,196.0,694.0,189.0,677.0,194.0,12.0,692.0,190.0,722.0,97.0,473,4730420A,right_only
8955,,,,,,,,,,,,,,,,,,,,,,,,,,,,,,,,,,,,,,,,,,,,,,4810101A,4810101A,8873.0,331.0,200.0,1.0,352.0,177.0,1.0,329.0,194.0,1.0,325.0,198.0,1.0,338.0,177.0,4.0,332.0,182.0,5.0,323.0,198.0,1.0,330.0,185.0,4.0,327.0,196.0,331.0,191.0,329.0,192.0,328.0,186.0,1.0,331.0,189.0,351.0,65.0,481,4810101A,right_only
8956,,,,,,,,,,,,,,,,,,,,,,,,,,,,,,,,,,,,,,,,,,,,,,4810101B,4810101B,8874.0,425.0,259.0,5.0,450.0,231.0,6.0,422.0,252.0,7.0,411.0,257.0,10.0,433.0,231.0,17.0,427.0,233.0,18.0,409.0,256.0,10.0,423.0,239.0,16.0,415.0,255.0,425.0,247.0,421.0,248.0,419.0,242.0,9.0,424.0,245.0,448.0,83.0,481,4810101B,right_only
8957,,,,,,,,,,,,,,,,,,,,,,,,,,,,,,,,,,,,,,,,,,,,,,4870001A,4870001A,8956.0,835.0,222.0,10.0,859.0,189.0,21.0,781.0,255.0,29.0,799.0,238.0,27.0,817.0,199.0,32.0,800.0,204.0,48.0,807.0,222.0,25.0,820.0,198.0,39.0,830.0,218.0,822.0,214.0,826.0,213.0,810.0,214.0,17.0,822.0,213.0,859.0,89.0,487,4870001A,right_only
8958,,,,,,,,,,,,,,,,,,,,,,,,,,,,,,,,,,,,,,,,,,,,,,4870001B,4870001B,8957.0,49.0,6.0,0.0,50.0,6.0,0.0,45.0,8.0,0.0,45.0,8.0,0.0,47.0,6.0,0.0,45.0,6.0,2.0,46.0,7.0,0.0,47.0,6.0,0.0,48.0,7.0,47.0,6.0,48.0,6.0,46.0,6.0,0.0,48.0,6.0,49.0,3.0,487,4870001B,right_only
8959,,,,,,,,,,,,,,,,,,,,,,,,,,,,,,,,,,,,,,,,,,,,,,4890002A,4890002A,8962.0,5.0,17.0,0.0,9.0,14.0,0.0,4.0,14.0,0.0,4.0,14.0,0.0,3.0,14.0,0.0,5.0,14.0,0.0,4.0,14.0,0.0,3.0,14.0,0.0,4.0,14.0,4.0,14.0,4.0,14.0,3.0,14.0,0.0,4.0,14.0,7.0,4.0,489,4890002A,right_only
8960,,,,,,,,,,,,,,,,,,,,,,,,,,,,,,,,,,,,,,,,,,,,,,4890002B,4890002B,8963.0,198.0,435.0,5.0,263.0,354.0,8.0,183.0,415.0,11.0,169.0,427.0,15.0,164.0,405.0,36.0,200.0,395.0,16.0,169.0,419.0,20.0,164.0,423.0,20.0,184.0,413.0,189.0,409.0,188.0,416.0,169.0,419.0,18.0,170.0,429.0,243.0,179.0,489,4890002B,right_only
8961,,,,,,,,,,,,,,,,,,,,,,,,,,,,,,,,,,,,,,,,,,,,,,4910333A,4910333A,9026.0,1138.0,1290.0,31.0,1293.0,1083.0,63.0,1169.0,1153.0,94.0,1131.0,1167.0,105.0,1211.0,1035.0,122.0,1221.0,1037.0,120.0,1137.0,1138.0,93.0,1191.0,1045.0,119.0,1227.0,1138.0,1244.0,1117.0,1234.0,1137.0,1187.0,1085.0,90.0,1255.0,1095.0,1349.0,536.0,491,4910333A,right_only
8962,,,,,,,,,,,,,,,,,,,,,,,,,,,,,,,,,,,,,,,,,,,,,,4910333B,4910333B,9027.0,7.0,8.0,0.0,8.0,7.0,0.0,7.0,7.0,0.0,7.0,7.0,0.0,7.0,7.0,0.0,8.0,7.0,0.0,7.0,7.0,0.0,7.0,7.0,0.0,8.0,7.0,8.0,7.0,8.0,7.0,7.0,7.0,0.0,8.0,7.0,9.0,2.0,491,4910333B,right_only
8963,,,,,,,,,,,,,,,,,,,,,,,,,,,,,,,,,,,,,,,,,,,,,,4970007A,4970007A,9096.0,333.0,105.0,4.0,353.0,79.0,8.0,314.0,112.0,11.0,321.0,103.0,14.0,340.0,82.0,12.0,349.0,74.0,14.0,327.0,98.0,9.0,341.0,82.0,14.0,343.0,90.0,344.0,86.0,342.0,87.0,333.0,85.0,12.0,346.0,83.0,352.0,46.0,497,4970007A,right_only
8964,,,,,,,,,,,,,,,,,,,,,,,,,,,,,,,,,,,,,,,,,,,,,,4970007B,4970007B,9097.0,334.0,109.0,5.0,357.0,81.0,5.0,320.0,116.0,8.0,326.0,104.0,12.0,337.0,84.0,10.0,348.0,77.0,15.0,329.0,99.0,8.0,338.0,83.0,12.0,340.0,91.0,342.0,88.0,340.0,91.0,335.0,88.0,8.0,345.0,85.0,354.0,46.0,497,4970007B,right_only
