,G18USSRCRU
6840,659
3861,1062
6839,571
3863,752
6843,179
6841,263
7447,88
3005,44
3862,563
23,231
24,495
3007,604
6842,476
27,351
3008,341
29,920
22,795
6844,409
3006,845
25,533
28,702
26,452
2766,716
30,1281
31,784
2767,557
41,125
40,263
42,758
46,350
15,513
47,200
51,647
53,674
1980,147
43,253
2772,1097
45,389
55,188
56,758
52,290
35,438
36,828
3929,221
54,635
49,144
13,511
39,530
3996,301
14,981
48,983
44,880
2770,200
2773,533
50,693
33,513
2771,148
37,53
2768,682
32,921
1981,819
4946,0
34,223
4954,172
3927,180
4953,277
2769,466
38,182
4007,936
57,1017
4005,1895
6979,1726
4006,550
58,553
59,608
64,529
65,193
66,379
67,83
16,528
68,121
62,180
63,95
60,429
61,63
70,222
71,113
69,46
72,168
4962,25
73,120
2774,104
2775,21
75,280
17,276
78,396
85,49
87,358
83,50
90,413
88,168
74,67
18,360
84,34
7002,358
77,750
91,141
79,447
86,80
82,321
2776,437
2934,149
81,1488
76,126
80,316
89,155
19,534
93,576
95,618
94,787
92,400
20,920
97,296
98,206
99,377
7005,319
7006,383
7003,197
7004,358
1972,232
96,1097
103,527
102,500
100,234
101,695
2778,368
2777,531
4509,189
2925,114
105,824
4008,1283
3864,960
2779,702
104,1163
106,785
4612,1172
2781,134
2780,327
2782,293
108,1153
2930,665
21,2055
3577,594
2928,870
112,564
3578,943
2929,409
107,418
3575,550
110,874
109,398
113,604
111,613
114,473
2927,810
2933,605
3579,262
3576,802
2944,913
2877,492
8000,306
8001,235
116,221
115,310
118,601
126,152
119,432
124,136
123,127
117,407
122,94
6380,103
6379,212
125,98
128,123
6378,430
127,86
121,304
6377,264
120,706
6376,67
6382,2702
139,1256
140,1669
138,3192
1012,720
1016,683
1017,184
1014,767
4510,381
6383,182
6381,1660
4512,125
6385,760
6386,1790
6384,3559
1023,413
129,639
4513,316
130,413
1027,953
6387,1691
1025,1044
4009,1626
132,1245
133,1233
142,334
1021,1090
134,350
135,283
1019,437
131,414
137,264
141,1367
1013,841
1018,1183
136,724
1022,2192
1015,2781
1009,505
1024,988
1010,616
1011,508
1026,494
1007,864
1008,439
1020,254
832,493
831,813
7043,65
165,113
152,125
181,50
184,55
186,154
189,127
7055,136
7685,282
7056,51
4712,48
1061,252
7082,139
188,69
187,89
199,69
182,30
200,166
202,61
203,219
201,133
7093,78
198,120
7054,483
7103,24
7092,76
7958,45
183,90
7108,138
7106,8
7119,92
7121,115
7137,210
8037,746
7136,104
8025,557
226,239
230,381
8031,162
7105,174
7120,127
237,84
1077,194
7148,184
7104,258
7149,147
206,130
7150,187
205,224
204,172
244,277
243,224
7157,23
7155,231
7691,349
7736,360
8047,404
7065,465
7156,49
8040,196
8041,164
8667,33
8048,364
8049,232
7066,410
7177,97
8050,744
8002,208
8003,142
1060,137
1028,286
7008,212
8645,690
4575,4
231,164
1071,415
195,128
7081,23
7102,724
7007,394
8038,568
7026,664
7053,548
1078,221
1062,160
1076,318
7021,158
7714,67
8664,272
7064,0
7158,241
7734,64
7019,164
8039,213
8051,34
7107,2
185,76
153,50
7167,747
7052,442
7684,0
8045,228
8810,126
7159,598
7176,81
8789,0
7175,450
7692,1062
7032,2
7693,778
7168,885
7080,495
1082,463
7733,0
8661,38
8811,274
7732,54
8644,542
4576,12
4577,3
8862,1063
8643,954
7735,111
8662,100
8812,430
7888,0
4977,43
8815,185
8816,262
7889,0
4978,0
4979,0
8787,1
8788,0
8777,0
7890,51
8790,0
7965,55
7964,118
7966,184
8817,292
7967,224
8881,631
8819,1161
8818,241
8814,41
154,34
156,56
7044,87
7046,130
157,83
7901,0
7045,105
166,60
7737,215
7386,257
167,101
7057,68
158,97
171,105
169,84
174,39
1073,44
4595,105
7122,65
7070,88
1057,158
172,88
173,233
191,183
1058,239
7694,309
5964,206
7084,352
7085,76
7028,77
150,67
7094,35
151,46
207,49
7096,172
208,334
7110,397
7112,287
7126,117
7354,284
7129,287
227,104
7069,118
7027,178
7127,230
193,301
192,240
7128,108
7020,315
7355,244
7666,73
7131,75
1069,97
7109,186
7097,248
7138,146
232,187
7140,223
7130,217
7083,153
7356,206
7143,191
8882,687
7153,368
8004,621
7160,1007
7713,29
7169,960
7384,427
155,95
1038,44
1081,615
7151,143
170,67
7968,37
1084,544
7375,549
1043,372
168,23
7178,163
7357,108
7141,184
228,79
1087,1103
7142,163
7365,684
7162,519
7034,658
7712,32
7367,204
7695,319
7391,84
8614,183
7139,66
8616,854
7696,258
1085,383
7033,186
1091,379
7152,179
8042,409
1029,586
1052,12
7048,11
7969,32
7170,66
8821,492
1086,356
143,0
1030,236
7697,168
7372,357
7704,10
7179,297
8456,1125
7011,0
4594,36
4589,0
4588,24
8822,234
7023,86
7687,131
7161,537
7029,170
8615,1146
7368,233
1090,552
190,129
180,1
7971,377
4572,54
6388,0
4586,74
7710,147
212,68
8823,868
7366,199
7113,156
1079,436
7385,204
7389,278
6389,64
7333,466
7123,335
1083,88
7702,8
7063,81
7039,435
7703,224
7171,0
7001,3
7715,47
7690,50
8617,261
4571,1
7071,150
7689,0
8704,0
6989,42
8824,0
7035,1006
7337,626
7711,27
7663,0
7067,958
1047,349
7058,787
7632,42
7627,8
4587,93
1046,343
8612,452
1054,421
7709,151
7698,265
1092,65
8021,1093
7009,658
7686,99
7010,791
7086,1199
1064,518
1066,528
7705,0
7075,591
7074,563
213,500
216,564
220,313
7117,842
4592,6
7338,354
7036,874
8020,1445
7087,212
7115,676
1074,700
4570,373
8032,1476
233,595
7661,191
7078,740
7640,1104
7116,447
7118,618
215,474
211,604
210,470
1080,821
239,383
7376,161
1044,1418
7124,587
7360,368
8022,1312
7699,347
4591,192
7133,609
1049,501
241,522
240,429
7707,13
245,575
5965,121
7688,10
7390,565
7344,512
1094,342
1096,978
7392,881
1056,551
7641,1273
7377,432
7335,857
8630,1340
8027,596
1031,834
7012,918
7708,1084
1033,368
1032,654
1034,648
7030,525
229,903
1041,369
7334,620
7100,529
7644,1093
7134,1915
7040,973
7024,429
7031,1259
8632,1589
8453,1200
7378,400
7630,1182
8015,3
7642,401
7645,997
7099,768
7643,791
7042,1088
8631,134
1039,926
7700,891
8457,685
7022,278
148,600
1067,580
7101,793
4987,0
1055,241
1050,158
1088,1014
1097,736
7073,373
7025,1088
242,280
7013,946
1035,805
7038,1276
1040,693
8825,196
8628,980
8024,1166
8613,579
7111,791
7347,20
7132,700
8354,764
7662,0
1093,224
4593,0
7145,370
4590,206
1053,144
8626,1298
7646,28
7339,293
1059,82
7072,285
7164,58
221,387
8627,62
8625,938
7114,703
7088,617
7041,434
7163,210
7667,8
7628,1447
7701,241
1045,450
1036,667
7973,887
214,9
234,869
8619,24
778,397
7629,487
1095,518
1779,266
7144,857
8017,728
7050,1181
1048,128
145,4
7631,194
8618,48
8629,0
235,0
160,102
7037,1059
8459,1589
7706,182
7639,19
2004,0
7902,0
2005,1
4992,286
7903,767
4990,248
8778,9
7904,58
4988,84
7896,1
7897,0
7898,0
7899,263
4989,0
7895,71
7972,0
8865,65
8866,1284
7994,228
8867,6
7995,0
7996,196
7997,1043
7998,0
8868,1485
8869,326
8870,185
8820,0
7970,0
8871,5
7999,1
8875,11
8016,378
175,47
176,56
7059,99
8018,104
8019,37
7348,173
7077,171
7076,49
7089,32
7090,39
178,43
7345,88
7079,26
7047,130
7353,210
7095,179
7051,147
144,254
8043,179
7361,202
7362,27
4665,393
196,378
197,144
7352,332
7364,191
7358,236
177,108
222,11
219,169
218,254
8026,459
8029,248
225,5
8030,188
224,59
1063,623
7091,35
8023,68
7135,90
8035,20
8872,485
777,209
7147,399
238,727
7370,341
7670,129
7373,295
7374,507
7371,627
7379,609
7350,353
7381,773
7383,418
7166,748
7388,698
7393,590
7387,534
5967,360
5966,258
8028,86
7154,127
7014,490
8034,365
8652,491
8356,314
8005,72
8636,379
8641,384
7681,742
149,1170
8011,374
8046,458
7068,46
8458,335
8008,428
1042,530
1764,409
7146,292
8454,111
8033,80
8873,138
8007,41
147,24
8009,137
8014,383
8653,511
779,597
7382,449
1072,168
3712,499
3711,520
1070,450
162,405
6902,360
8013,373
7165,353
3710,201
7172,182
8634,290
7369,81
8876,0
7049,374
8044,560
7,44
7351,335
161,694
8874,132
7098,118
7668,8
1068,321
8639,56
7336,11
7380,60
7173,17
4580,146
1037,40
7060,62
7669,28
8010,54
194,8
4585,15
7018,174
1065,7
8455,428
8880,9
8633,30
8879,32
776,148
4582,47
8642,379
8012,13
4581,1
7349,0
8006,125
146,46
7677,2
236,0
7675,0
4578,9
7671,33
8650,381
7680,196
7015,4
7061,5
4579,56
7674,35
7363,60
8663,240
8635,228
7394,353
8665,29
7682,146
209,249
7017,108
7125,149
7679,76
8637,4
7016,202
7062,16
780,465
8355,306
7174,742
8659,33
8640,41
8638,6
7346,297
163,109
1089,66
217,339
164,254
1075,401
1051,226
7683,0
179,288
223,1
7664,0
159,744
8878,2
7359,0
8036,1
4573,10
4574,0
7676,2
7665,10
8658,0
4584,0
8655,95
8656,0
8654,0
7672,0
8651,5
4583,141
7673,0
4663,0
4664,0
8657,200
7678,173
8666,355
6901,7
8660,0
8779,32
8877,0
7900,26
6987,81
8783,0
8782,0
8781,23
4991,2
8784,0
8780,0
8052,1039
1098,1087
1099,533
781,289
246,137
8053,1096
247,95
1974,42
5968,40
3713,65
3714,21
1100,26
1101,31
248,367
2008,362
2006,518
2009,272
2012,684
2013,581
2007,358
2011,1073
2010,451
1102,630
1103,422
263,1242
1104,867
4963,923
3010,1231
252,1116
3009,68
3012,1135
3013,279
255,643
254,753
3011,1029
3014,400
1852,52
250,124
256,217
259,125
258,165
260,251
266,572
257,340
267,413
261,166
264,120
1855,77
268,65
1853,13
7000,569
262,485
2015,142
1970,167
1106,553
249,105
1854,6
1969,0
265,44
1107,0
1109,1948
1105,890
1108,972
251,135
253,1204
2014,551
1127,1301
270,1546
2018,1764
1113,1307
274,768
1117,642
2025,294
2026,454
1116,268
1111,446
1120,1012
2030,1120
1126,1425
1114,2020
1118,1215
2017,1498
2027,461
2024,363
2020,648
1119,1052
1122,1793
1124,1490
1125,1746
2022,772
2031,1033
279,792
4010,2001
278,716
272,1460
273,526
271,1125
2019,755
2029,1642
2021,783
2033,1558
2028,323
2016,1259
276,1961
1128,217
1115,1535
3924,1352
1123,1371
1129,894
4897,843
275,828
1112,778
280,1168
4011,1575
3923,1170
2932,277
4898,640
269,1158
1110,1643
2023,1337
2935,478
277,876
1130,1454
2032,2284
1121,847
2931,468
6873,15
3972,535
3971,611
8583,982
8584,2406
8496,328
8054,60
8722,850
8474,495
8467,870
8058,341
2034,378
8717,1230
281,589
8491,1489
8490,813
8479,251
8488,1223
8056,100
8497,612
4732,26
8483,52
2035,759
2036,264
8707,60
8711,50
8463,635
8486,44
8493,1243
8465,1671
8581,209
8468,335
8461,454
8475,1173
8720,0
8471,212
8059,821
8578,1250
8477,938
8715,97
8487,7
8579,1483
8472,1925
8580,2203
8473,0
8481,3
8482,57
8460,48
8710,96
8485,104
8713,101
8469,38
8600,2
4731,0
8057,9
8716,0
8464,6
8494,26
8721,223
8478,12
8709,63
8714,30
8708,1
8462,2114
8712,0
8724,69
8484,91
8582,0
8718,1747
8495,235
8719,65
8492,7
8476,68
8470,111
8480,112
8055,21
8723,1401
8466,24
8489,159
8599,0
5970,685
782,308
6609,116
6608,430
1132,25
282,171
1131,12
5969,132
283,75
2038,142
284,136
2037,174
285,26
2039,48
286,66
289,117
291,39
2040,24
290,70
292,31
287,84
288,64
294,1176
1134,829
2041,157
1133,890
298,427
299,307
293,439
301,347
300,153
296,494
297,920
302,365
8060,311
303,139
304,831
2042,1196
295,411
2043,999
306,356
6610,651
8062,196
3717,370
8063,168
8498,489
307,182
3716,595
305,290
8061,219
3715,393
3015,330
6888,840
311,784
309,1145
7626,423
2045,1043
1136,497
2044,281
308,329
1135,590
783,1311
310,674
4012,209
8064,758
8065,405
2047,280
2046,339
2048,257
312,899
784,463
1137,1782
313,1390
2052,113
6616,174
3725,284
3722,641
3724,194
6905,23
6906,0
4605,27
3718,12
2049,36
4609,259
4608,0
4607,0
6904,0
4606,0
4966,0
4967,0
4604,43
4602,292
6614,406
6611,420
6615,573
2050,146
4600,255
3720,256
6613,357
3721,251
4601,150
2051,77
4603,0
4947,23
3719,106
3723,280
7720,332
6612,350
4968,2
6907,2
4611,13
4969,0
4970,0
4610,50
2061,42
2060,140
3018,9
2053,117
1146,121
1139,217
2057,128
1138,70
1145,9
314,42
3019,145
3020,581
3017,6
1141,46
1142,54
1144,330
2059,235
1143,146
3726,274
3016,20
2055,58
2058,125
2054,133
2056,637
1140,513
3021,1042
3024,889
3022,969
3027,802
3026,75
3023,356
3025,240
3028,367
1151,165
3031,307
1155,612
1167,40
1171,64
1170,32
1172,35
1176,142
1182,97
1179,153
1184,355
1180,59
1148,214
1169,256
2066,203
3032,350
2069,280
2070,211
1150,309
2071,263
4027,246
4029,50
4031,98
4032,95
4030,574
1187,236
4036,269
4035,669
2075,289
2076,54
2078,483
2077,71
4039,51
2079,319
3728,362
1173,90
1177,153
2080,126
4028,298
2082,389
2081,96
3730,126
2072,884
1174,127
2084,379
1185,68
2067,217
2087,106
4026,836
4025,132
1149,735
2063,176
1156,527
4034,446
4040,450
1186,152
4033,627
3029,58
2064,92
2085,289
1178,307
1168,187
4037,532
1153,404
3030,828
1157,920
2062,134
1181,249
1183,66
2083,218
1147,388
2088,492
8,368
2068,197
1166,182
1175,183
2073,579
3727,616
2074,1184
1154,272
2065,164
4024,235
4041,491
3729,269
2086,122
4038,543
4565,110
4567,99
4568,56
4563,605
1152,63
4564,616
4566,113
4569,317
6883,38
6884,25
1989,8
1990,378
1991,57
1992,0
3967,0
1189,675
1190,920
4042,420
1188,734
4043,275
1191,50
4044,207
6617,557
4045,357
315,173
3731,400
3732,173
7182,1336
1192,175
7184,164
1193,380
1195,248
1194,776
1196,412
7181,251
1199,307
1198,944
7183,297
1200,245
7185,1421
1201,286
1197,227
1202,141
7186,423
1203,115
4046,120
4047,23
4049,141
4048,67
4051,375
4052,75
4050,87
1204,331
8069,290
8070,255
8073,164
8923,1796
8921,1205
8071,821
4053,941
8922,2170
8074,151
8072,2050
8924,936
8075,505
316,0
8621,198
8920,664
317,584
4058,563
4057,742
4060,1155
4054,233
4056,530
4055,658
4066,418
6995,383
4065,489
4064,303
4067,392
4068,713
1208,702
1206,463
4059,821
1207,130
4062,116
4069,108
4063,288
4061,700
1205,286
4070,364
318,171
1209,319
8076,343
8077,419
1210,326
4071,437
1212,402
1216,194
4072,383
1211,239
4076,151
4075,446
4074,164
4077,76
1217,95
1214,169
4078,505
1213,254
4073,169
1218,102
1215,222
1219,139
3733,154
5971,179
3735,34
3734,113
6618,61
2089,291
4079,349
1220,293
1221,217
4080,710
4084,515
4082,569
4083,754
4081,211
8149,860
8145,1015
8153,158
8079,690
8083,469
321,1591
4087,418
8091,994
8080,1630
8095,334
3736,1638
8097,757
8099,1714
8105,630
335,409
8082,1088
338,930
4086,366
4088,595
330,417
342,1304
331,1690
8118,280
350,364
8506,1616
344,461
329,823
355,731
7187,640
8131,1895
4089,809
357,870
8092,1563
8135,1022
3737,666
359,781
4085,922
8509,1776
364,669
324,1350
8129,1557
1223,630
8100,1440
8152,314
8078,987
345,545
8139,738
352,1017
353,878
8084,421
368,266
8504,608
341,815
370,642
369,750
8141,1933
8150,1331
8140,919
323,1304
8126,1021
8124,645
366,685
380,811
363,742
358,375
372,619
334,756
346,556
8146,1253
371,723
339,594
343,525
384,358
386,562
356,777
8133,1158
376,862
387,801
373,706
377,1046
381,735
319,714
8127,1816
360,731
365,781
8132,926
8136,1666
362,242
8107,1402
8089,1264
8143,692
8130,804
1222,127
8119,1119
378,854
8151,262
383,690
382,427
3969,66
8081,8
8121,1069
375,1132
347,264
361,318
337,389
326,589
8147,998
8148,773
8505,1205
8123,878
7188,1638
340,929
325,910
327,641
328,876
8104,1591
348,1127
388,1502
8122,1762
8093,1242
8134,569
8500,2022
8499,697
8088,825
8510,1233
8098,1356
8090,1034
320,2297
8120,1223
8085,1016
8096,2151
351,767
8128,660
8508,1283
8106,1030
385,690
8154,686
354,537
8155,1001
8501,1843
8125,986
374,873
349,746
8507,897
322,422
8087,1244
8086,510
3910,0
8142,1349
8111,370
379,411
367,12
8511,1559
7589,482
8094,848
8137,1115
8138,1104
8144,644
3738,1279
6879,192
4694,121
1770,143
8110,1069
333,482
8102,373
8103,1180
8101,1153
332,759
8113,823
8114,636
8115,1493
8116,1097
8503,282
8117,1210
8112,603
8108,618
8502,1247
8109,948
336,2403
1771,180
3901,542
3902,2
3891,48
6878,0
1783,19
3894,54
8624,240
8607,34
8606,362
3890,34
8668,159
7638,746
3893,381
8623,14
3904,416
8680,580
8669,279
8605,60
8622,645
7637,2
3905,2
3903,5
8785,1245
3970,145
8786,14
8773,588
8775,1241
8774,564
8776,250
8795,405
8800,1699
8801,921
8799,880
8798,1663
8843,678
8844,1887
8845,665
8846,1012
8847,848
8848,772
8864,1751
8849,832
8850,643
8851,2450
8852,902
8853,1199
393,295
392,102
4949,30
390,149
389,34
391,130
394,74
7395,857
7398,136
7189,321
7396,1351
6619,274
7191,617
7192,347
7193,273
7951,806
7397,157
7190,640
8156,1606
8602,1951
8161,1871
8162,1036
8165,2390
8168,2539
8886,1088
8512,1725
8513,469
8157,2128
8170,1748
8171,2651
8167,2625
8888,1088
8887,1020
8601,849
8160,1660
8159,212
8604,1204
8603,832
8889,509
8158,924
8164,2106
8166,2607
8163,1720
8169,1827
8172,2194
8890,1500
395,671
8173,642
396,44
398,294
399,199
400,139
401,100
7815,182
1224,243
7813,817
397,114
7812,58
7816,239
7814,57
1226,220
1227,50
1229,91
1228,51
402,68
403,140
1225,63
2090,120
8175,482
404,78
8730,213
4092,211
8174,461
4095,278
4096,719
8178,428
4097,727
8732,1029
8176,1101
406,404
4094,171
4948,135
4098,292
4099,1082
8177,231
8179,262
4100,765
405,1173
4741,173
8731,92
4743,37
4091,72
4744,45
4101,258
4090,101
4093,225
4742,634
2100,1435
2091,654
2093,158
407,1150
2095,1103
2097,332
1973,916
2096,1643
2099,305
2098,203
410,23
408,856
2094,965
409,230
411,117
2092,536
8180,161
8182,141
8181,64
8183,92
412,292
4778,241
3739,155
2101,148
4102,166
414,226
413,356
4103,180
2103,177
2102,295
415,212
2104,294
2106,58
2107,85
417,45
416,21
2105,88
418,157
4107,20
4106,7
4104,17
2108,6
4105,121
4110,149
4108,299
4109,194
2113,39
463,63
4613,80
1317,147
1262,474
496,521
1263,665
442,182
498,228
465,77
6909,167
443,50
6908,92
537,827
794,272
550,403
4614,41
1302,250
851,51
1318,458
833,317
590,347
591,558
583,502
5992,88
6631,493
500,253
5985,138
594,376
4682,202
1247,360
4631,34
1276,100
1252,152
566,122
4634,8
1331,405
428,28
600,28
427,733
601,808
450,126
451,54
580,215
454,818
2109,617
7723,44
6910,60
453,736
4123,160
4185,83
4125,205
2124,252
2125,323
452,452
479,1091
2129,304
865,7
484,197
485,13
486,194
491,2
1239,13
4617,5
1319,151
592,460
1339,250
1341,84
3743,225
3744,398
4625,0
432,59
2111,263
433,49
2112,513
434,14
456,139
435,348
457,77
7791,38
787,172
909,145
857,63
4727,126
4728,154
4729,138
4621,54
468,37
4725,81
4726,50
459,175
469,89
1277,2
859,69
470,96
1240,117
1241,36
0,106
1242,3
4127,16
4126,55
480,136
481,36
2962,0
4133,83
4626,26
4624,10
891,18
4124,158
483,194
535,785
536,101
1271,52
4683,260
4184,214
4615,22
854,0
4190,301
4684,56
4632,48
1310,359
866,4
853,138
4618,152
4616,5
4628,99
858,15
4681,58
2965,0
4633,7
852,0
4636,3
1994,0
1993,0
1256,556
425,533
426,438
487,4
492,330
789,287
6621,3
476,317
864,8
501,544
4139,621
4138,214
4622,27
4144,322
1257,6
7722,76
1995,0
4721,403
4720,550
897,657
896,323
785,589
4157,340
523,401
521,516
515,425
894,245
6628,385
6632,427
6633,46
1299,115
4176,348
4175,66
1303,312
551,578
6634,298
4713,437
2998,175
1323,826
1321,638
4183,447
4191,469
4197,631
1333,615
1324,456
4635,23
4685,11
4196,207
4182,439
1304,41
7726,307
2969,221
1996,0
3948,0
1778,1
2952,3
4121,344
477,963
898,680
4132,303
899,566
4629,1220
2128,632
489,632
490,490
488,776
507,584
508,507
2136,244
4130,327
4136,1420
1251,274
2956,345
4149,653
499,712
2137,1554
2139,266
7725,436
509,476
2142,1104
519,1362
466,745
4114,0
538,785
547,1015
548,735
549,348
562,541
563,606
577,367
1316,828
1330,277
1311,841
578,673
1332,522
446,1617
1273,918
2138,669
467,332
1272,553
4730,706
1237,805
447,821
1274,498
1275,511
1238,866
1248,635
4146,350
448,335
4147,187
4148,533
4630,208
1290,334
567,452
429,1046
430,946
431,749
449,288
569,562
455,631
2110,605
7724,375
539,545
1301,904
4619,427
568,663
545,827
478,271
588,71
2950,0
2968,433
918,0
4687,174
878,931
903,825
901,927
902,702
7794,947
7796,1754
7795,1451
546,670
4723,518
904,786
905,1233
4722,252
900,906
3001,190
5991,617
4129,969
4120,387
4122,187
3000,51
2999,154
3002,716
2991,65
2951,5
6929,68
1344,1029
441,815
422,2
1345,380
1346,1147
2148,721
599,817
4195,264
424,317
1343,322
2992,82
3899,633
4717,530
3907,850
4689,1113
5986,428
4718,736
4690,764
4719,768
3906,581
4714,1025
4716,469
4715,598
797,455
581,660
895,770
1342,304
5997,466
4117,529
6640,470
1777,372
6892,0
1253,767
8185,1258
8186,2020
513,245
510,616
1254,355
1255,784
514,758
512,1291
522,421
524,619
525,619
526,823
9,791
1322,1080
511,678
2989,310
1839,2
1329,0
582,1239
502,1516
589,593
4194,853
4111,1364
4142,857
4207,756
7194,1004
4206,737
3740,12
423,990
444,205
3898,357
4688,472
445,2
4686,215
7633,14
6891,64
4166,969
4165,1348
540,1747
1295,1043
4177,573
4198,1263
1336,598
527,1505
2970,1253
2990,407
2143,668
3908,1550
8705,1689
792,767
4710,15
888,56
889,97
571,189
868,76
6637,961
1294,324
793,875
887,366
1338,98
4724,104
908,14
6629,65
597,267
6625,41
907,133
1266,13
1265,28
1268,9
1340,13
1278,9
1279,19
1269,13
1280,22
1281,2
1267,10
1270,15
1293,9
458,12
6630,3
6626,63
2973,38
3003,7
4159,22
530,29
1283,4
541,10
531,6
543,35
1282,16
2972,0
1306,14
557,12
1307,23
863,10
4186,139
4178,222
4180,34
572,34
556,39
573,12
1308,33
4646,63
4187,70
1313,105
4188,70
1314,84
4192,26
587,15
1327,19
824,12
1328,39
1312,83
1315,33
1326,42
1325,36
6636,37
4193,78
4199,28
4202,48
4203,38
4134,4
3951,4
6639,33
419,9
5990,0
2977,352
5995,173
494,79
493,154
520,365
6622,73
6623,160
4151,93
4645,720
855,0
872,8
4644,6
4642,179
4643,0
798,34
2963,0
867,0
1997,0
3949,0
1998,0
1999,1
3950,7
4137,305
4113,124
5988,222
5979,277
5993,567
4141,413
5989,295
4179,183
5987,636
5984,978
2983,239
2976,5
2975,4
3952,0
786,663
5996,474
5975,296
1284,344
5998,465
5976,94
788,682
1285,585
1286,307
1287,62
1289,455
1288,149
1335,749
1259,786
1258,370
1261,418
1260,695
2135,955
2988,293
4140,306
3004,353
4143,516
7741,603
2141,577
1292,738
2140,874
856,623
1264,234
1291,623
893,285
7721,328
4145,54
2959,1
4150,43
5999,259
516,378
2957,14
2964,85
2958,206
2961,82
4680,36
2960,1
593,2060
4627,5
802,232
420,272
437,75
5981,53
5974,327
6620,259
5973,143
436,285
2974,104
460,299
2120,96
2119,191
1231,242
2121,105
2123,54
1232,149
2114,44
2122,86
4112,22
2126,27
438,77
2000,0
595,799
1334,921
596,561
4637,19
4201,120
4200,26
4128,210
1243,144
1249,152
1250,27
4638,171
471,676
2971,40
4711,434
6624,686
3742,944
4620,4
6627,273
5972,194
5982,48
4115,107
475,244
4116,12
4118,213
2954,161
4131,242
839,54
497,26
503,73
505,283
506,82
6895,17
850,104
3741,660
565,161
564,181
529,73
1320,264
528,191
1296,87
579,336
906,192
795,1
886,84
875,7
1337,5
1230,17
4709,17
4673,1
4674,1
799,53
890,336
796,232
1297,77
4168,28
1300,10
4167,69
542,9
862,10
860,16
4170,49
4169,20
4171,27
555,15
2966,10
2978,0
5994,502
6001,0
6635,510
4161,39
2987,20
4163,202
570,120
544,98
534,56
4172,24
4156,120
6921,147
876,111
533,214
4181,76
4153,76
518,129
559,120
558,201
1298,75
4158,13
4152,12
560,151
561,246
1309,59
552,187
4641,77
4640,101
574,635
517,173
553,163
554,35
800,82
1305,21
801,55
791,149
841,51
504,11
4647,13
4173,0
838,28
871,0
4119,76
840,9
2953,3
842,134
6894,12
849,372
836,3
4672,2
837,76
834,16
7607,2
835,1
7606,41
4623,0
861,0
2967,1
2994,14
4648,28
4162,39
4155,122
532,84
4639,68
869,0
877,3
848,1
790,1
6893,21
2001,0
3954,0
2002,0
2003,0
6988,0
4154,130
870,484
4204,490
2982,647
8701,560
5978,262
6638,389
7728,271
8184,44
4668,86
4651,384
4164,299
439,303
873,290
8700,321
440,322
4174,204
6000,3
8703,1006
8514,347
2995,744
4205,109
5977,977
8702,576
2996,117
2981,207
4189,173
2979,0
7729,165
7727,10
4667,162
4666,58
421,150
4650,6
4160,94
2980,8
2997,2
598,108
3955,0
3956,0
3953,0
3957,0
462,588
2115,970
575,451
576,7
2116,612
461,533
2118,586
2117,259
8706,548
474,179
1235,611
1244,352
4678,95
4679,74
4676,199
1782,30
1233,195
472,48
1234,109
1245,420
473,399
4135,367
482,390
1246,436
2130,417
7647,616
2127,830
464,913
845,160
2132,192
7635,439
7793,355
892,232
7634,114
843,777
5983,208
2134,0
5980,627
2131,82
7636,337
2133,119
7792,31
846,31
7797,3
495,108
2955,971
844,210
4649,7
7740,0
7739,4
4671,107
4669,8
1236,192
4677,34
7648,10
1780,5
1781,15
4670,36
4675,9
7738,95
874,38
847,0
3958,381
931,242
3748,276
602,680
3747,553
3749,118
603,102
3745,50
3746,106
604,65
605,420
607,419
606,1364
608,477
2149,391
2151,153
609,234
2150,345
610,124
611,150
2152,165
626,1413
4221,681
4218,1857
7205,1533
7206,1136
7887,1142
7235,1394
7214,1398
7204,626
4222,674
7215,859
4231,624
627,849
7216,800
612,30
7237,972
8194,1097
8841,539
8188,1584
8190,713
629,1811
4226,1264
630,1196
4224,1369
7219,1017
7242,1494
8609,1179
8191,196
8610,552
8187,1467
7196,1629
7195,939
7241,1665
7603,1083
7605,1461
7604,1672
7654,2748
7891,335
4984,72
4983,4
7894,1043
7978,719
7977,81
7976,92
8840,1145
7979,773
8193,1238
7980,212
7981,341
8842,55
7982,790
7983,805
7984,887
3895,433
2154,451
613,753
618,456
619,768
616,1401
4211,956
4213,673
4212,843
617,689
614,1257
620,850
3750,762
615,578
621,967
4210,1070
4209,993
7198,2059
7655,627
6897,0
6641,1788
7199,1007
7232,1010
6898,1047
4227,604
7228,644
7233,1244
7234,1223
7240,927
7653,592
7213,1261
8611,975
7656,709
6986,682
7985,415
7986,763
7649,0
7650,0
7651,0
6896,0
7218,1446
7217,1400
4208,1918
4217,1003
4216,1372
4230,940
633,1258
632,1098
625,1039
628,826
4214,1169
4215,881
623,570
7203,763
7202,622
7201,538
7220,352
7239,419
4229,261
7905,899
7652,105
7238,1154
6900,72
7657,136
624,1173
3897,1477
622,943
7207,1599
7200,1607
7208,845
7209,952
7212,1308
6998,280
7987,833
3896,0
6899,0
4219,1860
4220,666
7224,1702
7197,2536
7225,182
2153,710
4223,501
7227,410
7226,230
4225,463
631,419
4228,703
1350,762
1347,45
1349,92
7236,114
8608,0
8189,2122
8195,992
7658,107
7659,503
7719,928
7229,1273
7211,1449
7210,1283
7231,1207
1348,573
7716,1406
7223,1930
7660,400
7448,205
7717,1994
7222,2258
7221,1039
8192,1436
7230,1777
7718,1486
4982,341
4981,122
7892,121
4986,347
4985,528
4980,15
7893,1283
7988,1462
7989,295
7990,1357
7991,823
7992,1497
7993,800
3751,686
1351,143
3753,234
1352,471
8515,446
634,679
4779,518
1353,197
3752,972
4780,628
1354,61
1355,54
1357,166
4782,78
4781,114
1356,162
635,262
1358,188
1362,59
4232,27
1360,86
1361,136
1359,81
1364,122
1363,169
1365,342
1366,110
637,144
636,223
3754,228
6643,171
638,69
639,47
803,63
6642,16
6644,51
3756,541
3755,144
4234,1256
4235,168
4236,614
1367,181
1368,292
1369,181
1370,1060
4233,1299
1371,326
3758,1177
3757,676
6934,417
6935,94
4239,492
4241,327
3760,1005
3759,101
3761,1295
4801,147
6646,2719
4243,1236
4245,1158
4248,599
4251,786
4246,325
6645,926
4249,1493
4244,415
4253,621
4254,289
4256,417
4255,100
4802,78
4240,195
4250,445
6933,307
4259,408
4238,287
4247,492
4242,210
805,171
4260,188
804,297
4258,72
4252,372
4237,261
6936,81
3914,214
4257,103
641,67
643,240
642,187
640,110
8585,1277
660,1563
4803,1837
4805,1611
661,1973
4804,1616
659,1686
1833,1499
6964,880
1790,1324
647,977
649,778
654,146
806,779
655,583
4819,772
4817,879
4818,1041
650,610
4822,238
1834,822
807,531
3762,68
808,177
658,1446
3763,311
809,150
1835,33
657,271
653,224
652,686
656,273
4821,210
4820,376
651,1792
1832,300
646,595
1836,724
1792,524
1837,1804
1791,900
1831,789
648,1244
1838,435
644,839
662,936
1829,1398
1830,658
645,437
3764,223
3765,338
3766,361
665,243
3768,995
668,669
667,560
669,891
670,682
666,395
3767,817
6968,258
1861,478
6969,859
1862,649
1863,413
1864,361
1865,788
1866,513
1867,225
1868,588
1869,441
1870,358
1871,739
1872,438
663,307
1874,237
1873,36
1875,287
675,10
671,104
1876,233
1877,318
676,34
1879,307
1878,121
677,87
1881,127
1880,36
1882,51
1883,60
6970,80
6971,517
1884,886
1885,530
1886,170
1887,516
1888,175
1889,230
4862,574
1890,374
1891,266
1892,328
1893,203
1894,389
1895,403
1896,211
4863,264
4864,253
690,553
1900,253
1902,135
1897,193
4865,197
4866,80
1903,200
691,206
678,59
1906,328
1904,203
1907,177
1908,107
1909,89
679,117
1910,189
1911,109
1912,182
1913,106
4261,39
6973,59
6972,26
693,125
6975,66
6974,125
1914,75
4867,67
4868,0
1915,119
1917,256
1918,319
1919,128
1921,520
1923,202
697,357
1925,441
1924,562
696,274
1926,410
4869,147
4871,385
1934,448
1935,274
1936,402
1937,459
1933,385
672,347
1944,314
1943,426
673,296
4878,410
4876,196
4877,254
1953,267
1954,372
674,557
1950,689
1955,348
1956,315
1957,333
1952,328
1958,193
1959,370
1960,248
1961,229
3771,460
3772,644
4880,47
4882,681
692,386
3770,411
3777,179
1929,27
1928,156
1930,119
1931,124
1932,95
1927,95
1938,119
1939,185
1940,84
4872,84
4870,57
4873,139
1942,165
4879,151
1941,69
4875,117
4874,152
1945,187
1946,104
1947,101
681,78
1966,163
682,131
683,71
680,155
1965,100
3769,1555
1962,89
684,165
688,71
685,185
689,198
686,244
687,154
694,406
3773,160
1963,397
1964,358
3775,401
6977,252
3776,277
6976,142
1920,1
1922,20
664,210
1968,124
4883,211
1948,16
3774,80
4881,308
695,133
1967,0
6978,0
1901,167
1899,111
1905,0
1898,16
1916,5
1949,0
1951,0
4263,384
4266,162
4264,593
4269,925
4262,622
4272,520
4273,573
4271,206
4270,401
4274,385
4276,346
700,621
4268,688
4267,262
4277,608
7824,30
699,393
698,1042
4265,570
4278,261
4275,463
4280,160
5004,352
4279,272
4282,244
4285,19
4281,74
4283,270
4284,110
4288,332
4287,357
5005,398
4286,361
5003,266
703,531
3778,591
3779,228
707,485
709,256
1373,327
1372,227
4289,432
705,1079
701,1119
708,580
1374,339
702,403
4290,163
704,1127
706,682
4292,101
7244,221
7243,436
7245,148
4295,254
4296,348
4297,213
4294,148
6647,347
6649,234
6648,198
6650,304
4299,143
4300,193
4301,695
4302,249
4291,443
4293,893
4304,351
4298,415
4306,140
4307,99
4309,140
4308,148
4303,1077
4305,289
4310,303
4313,332
4311,228
4312,276
1376,536
1379,54
1375,437
1378,244
1377,89
1988,34
8197,50
8196,104
8198,80
8199,87
4325,752
1382,215
710,173
8803,1830
8522,424
4336,1835
8524,526
8520,785
6653,527
4329,883
4333,416
6651,423
8519,1133
8237,679
4328,155
4338,243
8523,123
3780,116
4331,549
4335,239
4337,46
4327,452
8213,783
8771,955
4332,854
1383,797
6903,1
6652,1544
8516,2086
8646,273
8235,180
8517,1919
4339,1330
8228,1458
711,495
6996,1046
8518,529
8855,64
8854,659
4596,816
1385,67
4315,1113
1389,109
1388,74
4341,179
8222,126
1397,28
2155,91
4343,75
4345,49
4340,53
1386,21
1394,83
4344,93
721,339
8521,1125
4324,402
714,313
4346,75
724,131
725,78
4347,184
719,387
1396,32
1392,246
1391,124
717,179
716,59
726,343
7730,560
5006,393
8211,363
8214,474
8238,683
723,26
1395,212
1384,57
1387,41
4342,72
722,77
1399,49
1398,4
8804,489
8856,744
8201,1514
8243,1705
8236,2979
720,1426
8204,2035
4334,454
8210,401
8202,1722
1380,872
4314,0
8525,1572
1381,1498
4316,144
8215,717
8239,802
4322,460
4323,1984
8212,375
8200,1649
8207,1515
8203,1544
8217,1471
8240,1317
8241,1920
8242,1605
8807,776
8808,1747
8805,2894
8809,2546
8806,938
8858,1104
8859,792
8857,404
8218,577
4320,1265
8224,946
7767,0
1390,728
4319,823
1393,993
4321,453
6926,177
8226,465
8231,922
4330,455
712,873
8233,223
715,631
8244,932
713,338
8245,1230
6925,101
8673,129
8225,346
4317,2025
8232,490
8209,346
8230,507
8208,515
8205,841
8220,727
4326,410
6924,974
8219,1248
8206,163
8221,765
8223,719
8216,696
718,704
8227,1623
8234,624
8229,1503
4318,1063
6997,615
8860,324
8861,317
1400,541
4348,269
727,327
4890,387
1401,413
5008,339
5007,629
5009,395
728,1397
5013,569
6654,83
1404,225
1402,864
5016,280
1403,296
729,283
5015,246
6655,206
5010,202
5017,62
5012,173
5011,219
5014,138
6656,207
6657,78
5018,49
7572,318
6659,212
6660,180
6658,126
3782,189
3781,277
5020,764
5019,1135
4799,455
5024,129
5021,80
5025,102
5023,377
5022,275
8247,557
8248,430
1986,83
6663,663
736,844
732,900
1406,1109
6662,783
8526,1211
757,1972
8246,1221
6665,1802
8527,1098
4353,2191
8528,0
3938,1
761,1177
6664,221
3935,207
6667,972
733,273
731,848
738,625
6672,1780
745,965
3937,766
3989,889
6669,1415
6671,874
737,1371
742,1594
4001,521
4350,1049
740,2687
5026,411
5027,187
744,688
746,1140
747,1243
4351,569
750,141
743,87
3993,1129
734,255
1410,975
1985,39
730,75
751,7
1408,459
1405,626
3990,316
753,410
748,241
6676,100
754,225
752,625
6678,29
735,263
1407,310
6661,39
6668,144
6674,97
3999,27
3936,7
6666,101
4000,54
755,0
6675,1266
6679,1791
2157,1478
758,664
2158,1704
760,2031
759,2503
4352,1750
756,2237
2156,1208
6673,780
4349,96
741,2264
749,1462
6680,1813
3939,151
3991,0
3994,0
3995,0
6670,237
3998,0
1409,0
6677,0
739,76
3992,12
5029,256
5031,360
5028,201
5030,122
1411,60
5032,69
4598,1144
4597,562
1413,513
4599,1273
1415,938
1421,363
1417,1515
1412,185
1418,118
1416,485
1414,1289
1419,1070
1420,435
810,161
6681,103
1423,110
1422,139
1425,273
1428,228
1424,288
1426,87
1427,359
1431,365
1429,186
1432,339
1430,201
5033,1005
5038,517
5037,517
1435,282
1436,214
1434,164
1433,290
1438,215
5039,133
5036,78
5040,165
5034,49
5035,184
1437,361
6683,189
6685,1067
6684,83
6682,367
6687,1387
6686,1424
6688,729
6967,888
5042,344
5041,261
5043,485
2159,2469
1441,1151
1440,944
4452,797
1442,1098
3784,1123
4456,229
6872,463
3786,1759
1443,604
1449,488
1450,592
5044,563
1451,955
3783,545
1439,1841
4453,457
3,1034
4454,675
1445,1851
1446,946
1448,554
1447,342
4457,343
4459,900
4458,1360
4460,1628
3785,159
1444,1342
4461,36
6870,622
4455,1807
5055,673
5056,1525
1453,1371
929,1591
6689,1572
5045,1144
5047,1338
5057,1742
5058,1752
5049,1185
5046,1721
5048,2111
1452,1031
930,1923
7845,376
5051,1719
5050,160
5052,830
5053,229
5054,259
5059,317
8249,982
8529,414
3866,152
7248,622
7449,619
5061,615
1456,469
7246,223
7247,187
8250,758
5060,134
3865,377
1454,704
1455,243
7742,262
7769,410
7754,328
7753,268
1458,1163
5069,1294
6691,555
6692,265
6693,250
5068,87
7771,30
7745,59
7761,382
7774,276
7758,149
7773,981
8678,1746
7743,22
5066,822
7755,545
7775,62
7776,20
7746,0
7744,2
7772,90
7759,11
7756,11
5062,119
5073,134
5064,45
5072,251
8254,485
1457,356
4952,147
8670,1414
5065,89
5071,256
5070,38
7770,34
8679,818
4691,274
7777,378
7757,29
5063,29
7749,15
7748,25
7747,19
7752,11
7751,0
6690,75
4951,10
7750,1
7760,103
8676,1002
8530,1227
8251,519
8672,1385
8252,1316
8253,1436
8883,1397
8884,808
8532,653
8675,521
8671,755
8677,934
3787,889
5067,1022
1459,867
8533,1544
8531,1191
7762,56
8885,1171
1461,126
4354,34
5075,65
5074,120
7861,52
1462,193
4357,223
1460,312
5080,32
5077,59
4355,132
5081,16
5079,11
1465,86
1467,314
7249,124
5082,332
4356,525
5084,13
5083,106
5078,21
1466,374
5085,66
7250,463
4358,142
4360,569
4359,303
5076,247
1464,102
1463,198
4361,136
5087,41
5086,191
8255,57
5088,133
5089,160
1468,89
1470,476
1473,55
1472,82
1476,663
8931,115
1474,124
8256,106
1471,100
8932,85
1475,503
1469,486
4362,349
4363,22
1478,155
1477,314
1479,273
1480,350
1482,29
1481,60
4364,265
4365,220
8258,217
8257,271
1484,569
1488,2095
1492,293
1494,394
1495,314
1486,2106
1483,403
1497,386
1490,1031
1491,1044
1489,430
1485,457
1499,1169
1500,704
1493,897
1498,1062
1487,600
7862,2923
1496,514
6259,478
6260,308
6261,331
6262,343
6278,291
6281,912
5105,17
2170,427
4374,187
1519,158
4381,136
1524,110
5127,856
1536,532
2204,956
2205,393
1549,250
1550,393
2189,208
4464,256
1564,112
2217,166
1578,24
2216,54
1579,16
1563,192
1520,305
1534,901
2227,271
3113,446
1596,38
3038,498
2247,627
3868,317
6129,1
1603,277
3872,448
6849,540
6848,417
4491,135
7399,311
4404,10
3067,378
6217,158
6219,477
7488,187
6851,38
4373,48
7259,1354
7493,960
5108,667
4366,561
2248,666
4376,427
4370,531
2190,488
1622,717
4375,743
1525,651
6850,361
5129,194
6703,182
7458,745
1542,158
1541,146
6709,79
1552,216
1569,45
4383,78
4368,1293
4377,1356
1551,263
2224,461
2225,1751
2191,427
6111,557
4997,1
6132,184
6707,213
6167,298
6042,243
7482,1301
5155,665
6200,473
1617,37
4384,845
6040,1006
8265,294
1620,361
5161,1683
3083,482
3099,934
6107,378
1529,36
5131,1053
7916,137
2207,1895
6045,1403
6069,307
6068,258
6090,58
6023,151
7472,1189
5145,33
2237,217
6134,37
6135,102
6139,706
2249,36
6007,987
5091,2095
6187,1060
6004,698
6141,1742
6218,55
5146,1517
6188,251
6991,936
6204,2148
5128,1171
6282,299
6223,34
3869,168
2160,2644
6244,634
7260,1843
6250,654
3101,796
3106,1582
2161,986
6697,202
1513,37
2178,888
2182,296
4395,1154
1532,66
7919,762
2880,32
6846,846
1544,241
2198,146
2200,86
7464,1350
2195,14
1505,20
1535,454
6267,199
6221,544
6205,1901
6237,21
1558,19
1588,215
6133,166
1568,199
6074,1504
6095,88
6284,55
1573,36
6263,65
7490,8
6712,22
6169,130
6186,380
6713,16
6115,759
3041,222
4495,1
3034,12
2252,40
6144,341
3033,32
4399,78
6150,1920
6172,1308
3081,738
3103,363
4391,488
5133,751
6014,407
1595,58
4388,218
3060,1137
2179,932
6072,107
1608,241
6845,38
1539,23
6175,180
6192,479
5158,217
6206,133
6224,48
1566,15
6715,305
6110,63
1615,13
1590,42
1565,6
7256,1672
4367,973
6847,12
1623,11
1553,62
6015,1063
6226,31
6239,417
3077,199
6719,256
5143,0
6714,200
2199,401
1557,98
5151,1702
6251,624
2180,753
3089,56
4389,1076
1581,315
1597,84
7457,529
6108,429
4463,708
2241,327
1548,543
5144,611
1577,223
4394,789
1543,33
6114,83
1574,25
4393,204
3073,568
4390,1125
5111,1895
1606,20
6008,39
6011,27
6010,24
1507,43
1582,41
7476,262
6265,290
1528,5
5095,727
7478,1386
6695,1373
1618,21
6070,135
8263,763
6702,15
7459,105
4397,32
1514,27
2234,109
2209,569
5120,514
3039,278
3074,1469
1527,40
5142,326
2185,147
6171,1069
7569,1671
5136,707
2162,1509
3047,314
2176,200
3102,758
2202,1045
6051,1026
2878,44
6268,294
3088,1214
5149,800
3046,123
1508,23
2175,242
6264,521
6143,511
2220,175
3050,583
6078,588
7923,371
2169,567
2226,94
6099,150
4466,493
1510,19
2183,235
6222,619
1591,265
6098,71
1537,403
1583,13
1572,16
6120,443
6121,287
1592,567
6216,165
3042,2532
6147,341
6199,695
3078,1657
2171,703
3069,676
3043,809
6243,1208
2194,137
3068,1716
1533,541
3052,582
1,926
2210,12
7492,1692
3055,540
1621,454
1601,131
4468,121
1511,69
1611,229
1612,258
6053,133
3076,306
6088,967
3075,187
3063,118
1624,35
2228,173
2230,223
6197,470
7917,817
7924,150
8268,1336
6266,58
5162,133
6696,290
2218,55
6209,548
3095,167
7257,1610
6137,124
7475,77
1567,191
3090,24
6254,123
6093,0
3064,961
2243,625
3092,377
1619,492
6046,2233
6100,1472
6272,340
6168,398
6698,82
1522,863
2166,1494
4396,105
1516,110
4379,831
6718,81
8259,1961
6198,742
6016,621
3062,88
2186,257
3086,118
5139,121
7462,45
6153,1892
6236,6
6034,63
4467,4
3058,73
1545,334
6271,353
8264,1242
2211,526
1530,117
7461,1361
6031,516
6043,308
6189,291
6035,319
2163,1043
1559,1224
7460,1358
7452,1395
1580,61
1616,105
3051,622
1512,12
6058,238
6190,97
6082,740
6084,41
7451,102
6094,833
5090,461
5130,937
6170,53
6694,68
1602,524
6146,515
7918,1626
4407,7
6176,1202
1610,194
6092,166
7477,71
1515,213
6706,6
5140,625
8925,1208
6240,939
6080,849
1594,489
2233,497
4378,744
1506,2347
6992,538
762,64
1526,97
6013,326
2221,71
3035,311
3053,165
6210,600
6160,282
5121,112
6252,295
6055,129
6123,36
6065,480
2203,1215
3105,1184
6161,807
6203,1460
2173,1393
2196,1423
5152,711
6162,2096
5148,311
5134,1060
5135,665
3059,37
7927,1620
6191,1010
6230,5
6096,319
6179,1369
7400,1453
6064,248
4398,33
4406,30
7453,798
6128,0
6711,54
3056,1767
6253,376
6027,1512
6012,589
5132,590
4492,725
3871,742
7487,1094
5137,127
3079,395
6207,1485
5110,460
6118,974
1556,226
2244,736
6036,995
6081,340
6125,594
4493,1528
6274,1361
6275,1587
3112,1117
7479,1398
6700,1495
6025,1121
6246,1269
6149,1490
6276,1903
6227,452
6159,313
6006,253
1584,351
5112,576
2165,590
7929,560
2251,140
2231,979
6233,315
4380,39
6052,398
3107,1043
6002,1247
4371,436
4004,1117
4999,1122
6202,874
6032,810
3066,288
6122,170
5100,606
5115,1586
5118,741
7920,2155
5163,721
6003,1278
4462,1558
6181,1540
6140,645
6195,747
3109,1147
6245,1008
6228,254
6017,668
6103,1225
6075,988
6019,467
6057,372
2246,71
6041,68
6704,2
6142,1767
4382,77
7473,964
5113,332
6071,189
6255,1425
6155,44
6130,847
6021,1527
1607,12
7930,380
6716,369
4465,327
3108,81
6131,175
4497,11
6126,1035
7931,1289
5122,890
5096,446
2145,136
3867,481
7485,2162
6183,1935
6102,420
6119,144
6097,128
1547,205
6208,350
6030,608
5093,434
1540,81
8266,811
6720,36
6269,1320
2245,318
4401,70
6152,308
6079,296
3044,1276
6054,971
6173,211
1575,181
2164,607
1509,10
1589,20
6182,996
2253,72
5159,590
6193,708
3071,66
4408,18
4403,15
4405,42
1554,23
2235,32
5106,54
7252,1074
6231,394
7253,1354
6124,728
6256,1030
1576,198
6235,134
5102,818
6049,327
1609,93
6280,606
5124,495
7922,762
7255,467
8262,616
7466,1737
6164,535
5160,1314
6044,1617
4392,404
2208,9
2177,24
1614,54
5103,1287
3072,335
5104,44
3065,1512
5097,180
5092,584
6214,564
7480,1294
6157,558
5116,678
5117,2031
6212,868
6024,229
6073,1200
6005,1153
7921,310
6083,550
6201,1236
1517,342
6232,349
5099,20
6699,211
2187,1018
6717,1
6701,1605
7251,821
7258,1305
7254,2553
3040,296
2223,74
8267,1036
7491,952
3087,1091
5123,858
5126,859
8261,1243
6026,824
6018,297
6158,458
7489,1313
2168,509
5125,1565
6050,949
6033,229
5000,44
6257,1314
3085,1096
6085,67
6229,241
6059,865
7463,2057
5098,158
6109,1038
6151,1909
6089,652
1521,209
5107,1157
7940,0
6037,904
7484,1120
6180,1385
5153,1572
2144,805
7455,1165
6077,1352
6270,1777
6258,0
7933,439
1523,126
7939,102
3091,1269
3094,32
6279,17
6117,1628
2236,24
7932,1061
2172,52
1600,16
2232,1046
6154,1933
6056,468
6022,1592
7941,1776
6242,1107
4402,78
7942,381
5109,416
6145,512
5138,368
4490,156
2213,842
6067,678
2219,85
6136,22
6241,825
6220,1478
7474,38
7911,496
6174,230
6076,59
7494,1109
4369,599
6194,1034
6156,614
2188,411
1587,42
3093,277
6116,885
3080,117
3098,1743
1546,330
5114,1648
3100,1015
1585,142
6215,175
3048,334
6273,403
6249,1198
5101,275
2214,262
6178,124
5141,851
7936,835
3037,603
5154,21
6248,1618
6184,134
765,1
7450,15
7469,94
7456,455
7454,170
7935,238
5001,1045
4372,23
1561,657
2215,801
2212,129
6039,755
3084,269
3045,24
3082,175
8260,1968
2242,457
7594,95
7595,23
2184,782
6165,249
6213,300
6066,1844
5094,793
6047,1032
6127,744
7938,620
2229,129
7465,1413
6029,646
2206,33
7468,15
6061,1145
6185,9
4386,40
6101,224
6028,1964
6211,569
6020,32
1599,6
7600,865
5150,58
6148,0
1613,66
1593,79
6277,486
3110,693
7944,17
1504,14
6993,860
3061,118
2239,54
7596,2
4529,833
6994,400
4532,2
2174,192
4387,551
6091,58
2238,133
7945,545
6062,0
1531,112
5156,10
7495,1245
2181,40
3870,5
7467,1780
6196,1488
6163,1336
7943,797
10,130
1598,39
6225,18
1538,10
4385,26
1562,0
763,722
6038,400
2193,0
3057,5
7925,1952
6166,52
3049,44
2192,0
1605,54
6009,31
6247,713
1604,226
7593,4
3104,94
2201,98
6177,938
2222,19
2240,0
4545,3
6238,27
3070,1
7599,18
4536,27
7910,10
1555,0
6113,0
3036,79
7486,289
7934,365
1586,531
4543,118
3097,0
3111,86
3096,8
5157,230
6048,281
2197,284
4400,43
7481,1352
4496,0
4494,1303
6852,7
2250,4
1518,0
6705,0
1571,5
6060,91
6708,0
6283,132
7926,1193
1570,15
2167,207
6710,0
764,0
2879,0
6234,241
3054,30
6063,0
1560,1
6112,6
5119,84
7483,1386
6086,923
7470,1567
4,702
7598,606
6087,505
7471,1109
6104,740
7937,600
6105,318
6106,23
7568,856
1773,196
1774,101
7947,306
6882,29
7608,240
4546,290
4547,131
4522,0
6138,123
6877,197
1769,327
7576,462
6881,314
8802,431
4514,1
7577,0
7578,754
7928,1065
6874,0
4515,145
7579,11
4516,2
2937,0
4517,0
1767,21
7580,171
6875,447
7601,25
4996,6
4518,0
7581,1323
4542,4
7597,1
7582,0
4531,25
4535,4
1768,0
7583,1674
6999,0
7584,0
7585,425
7586,511
2938,0
2939,0
2940,12
2941,30
2942,0
2943,80
7906,3
7587,6
7588,7
4519,0
4520,23
6876,0
4544,1
4533,146
4521,71
7912,56
4539,0
7609,1
7610,2
7611,226
7612,0
4548,63
7613,0
4549,24
7614,24
4541,0
4538,0
7948,2644
7615,0
4550,31
7616,82
2946,0
6885,157
7602,136
4551,7
7617,116
7618,1328
7619,84
7620,108
4552,12
7621,115
2947,7
7622,24
4530,0
4534,0
5147,352
4537,0
4553,54
7623,120
6886,82
4540,0
7946,0
4554,598
7592,0
7624,1968
7625,37
4555,9
4556,89
1775,23
2948,40
4557,55
4995,0
4527,5
2949,0
4558,218
4998,0
4559,20
4560,75
1776,203
3892,62
4561,19
7915,0
6887,20
4562,140
7590,84
6880,0
4523,172
6990,0
4524,0
7591,175
4525,507
5002,0
4526,62
1772,8
4528,189
2255,830
2259,275
2256,62
2146,522
7497,426
2263,620
2265,393
2261,1127
4957,529
2254,477
2258,179
2266,2234
2267,756
7496,616
2268,567
2272,280
7498,411
3788,397
2260,1410
2262,988
2264,276
2257,338
2271,301
2269,263
2270,1696
4958,253
2274,159
2276,100
2273,135
2275,295
2278,437
2277,341
1626,205
1625,284
1629,205
1627,96
1630,140
1628,142
7499,49
2279,53
2280,108
2281,78
8269,445
2285,52
7731,228
2282,493
2283,475
6918,460
2289,1164
2290,855
2293,1153
6916,479
2296,2102
4656,608
2295,924
2294,1558
2291,238
4657,446
4658,789
1631,183
4653,490
4654,13
8649,0
8270,1215
8271,365
6913,53
6914,18
2286,234
6912,580
1633,1577
2284,306
8272,1306
1632,852
1634,2004
6911,527
2288,92
2287,128
6915,205
6919,16
4655,486
6917,2
2292,508
4659,281
2297,22
1635,831
1636,1198
2298,874
1637,2005
1638,2341
6920,614
2299,1513
1639,230
1640,243
1641,19
2301,355
2302,30
1642,68
2300,195
2303,69
7763,283
2304,170
884,1360
2306,679
1647,719
2309,668
1644,928
1653,1243
1643,1974
1655,626
2305,835
7764,220
1649,484
2308,1185
1648,533
2307,1081
2310,633
2311,380
1657,684
1652,116
1656,234
1645,1491
1646,1235
1651,787
1650,1211
6922,637
1654,495
2338,45
2346,287
4769,98
6723,454
3792,132
2355,368
2365,529
2356,368
2368,534
2370,237
917,154
7844,45
2378,606
1661,165
963,85
2389,182
4783,199
7831,30
2393,49
935,61
1978,45
2398,58
4784,210
2396,45
4757,398
1662,63
1663,67
812,263
921,146
2407,452
2409,240
2410,285
2388,185
2366,118
2357,308
7849,350
2314,113
928,596
2349,132
2339,128
2321,189
2400,379
2325,412
2402,60
965,272
974,36
2405,151
975,242
2327,270
4740,254
4738,127
2330,807
2383,702
4792,337
942,242
954,288
2323,77
2320,355
2317,153
2335,314
2412,176
2342,821
2406,69
2328,106
4753,121
2315,146
2353,353
925,376
2392,343
2322,140
3964,12
2333,185
2345,742
2332,132
2395,17
2403,12
3790,193
817,162
2390,95
2374,66
2334,783
2376,0
1658,819
1659,121
1660,340
7839,114
959,280
4789,306
2360,1
980,288
4760,107
2387,21
814,43
813,188
2350,208
2344,594
2313,266
815,393
2352,367
811,265
7842,283
2372,288
2371,635
2386,241
2408,449
2381,931
2380,342
2382,196
2379,290
956,92
2347,387
2324,113
2397,546
2358,840
2312,303
2331,201
2318,250
4761,247
2391,97
6722,224
2319,22
4749,221
3793,120
2411,293
7833,91
2326,221
2401,76
816,182
4791,46
4763,190
2329,0
3961,79
2351,11
2343,557
2369,290
2364,311
3791,8
2404,21
2367,51
2341,1
2363,11
2340,3
2337,1
2336,5
981,81
4756,82
6724,16
4796,7
938,3
7847,141
1977,27
1976,388
962,16
967,263
952,86
4955,180
2399,130
2384,391
940,29
4794,65
4754,252
4751,14
4752,17
3928,376
4787,167
4788,85
2362,157
1979,79
961,77
7830,46
4768,1
4758,8
4767,220
6721,69
2348,150
4766,119
3789,52
4759,10
960,29
7832,18
7850,335
914,43
7835,50
4790,12
4746,0
3962,13
922,279
2316,395
966,81
3959,66
3960,61
7851,41
973,43
920,330
976,207
3963,181
919,34
4739,70
2377,487
4798,462
4793,256
955,239
932,527
7843,96
7841,15
4755,144
7848,506
915,61
923,29
7827,109
4737,96
957,20
933,132
970,188
7825,13
926,75
924,100
7838,82
969,188
4786,5
968,89
977,76
964,26
936,7
937,160
2354,473
4785,86
2359,110
971,50
941,91
2375,0
934,244
951,72
927,155
2385,61
950,20
2394,324
4797,102
972,18
2361,7
7836,13
7834,100
939,19
4795,0
7840,25
7837,4
953,54
958,2
4765,1
4750,4
4762,57
7826,19
4764,36
916,9
2373,35
2415,386
2417,247
2414,888
2413,249
2416,172
2418,277
2420,110
2421,164
11,704
584,360
2419,1164
3114,545
2426,177
1664,151
2427,93
2424,178
2422,457
585,893
2425,716
4498,195
2428,488
2423,313
3933,347
7261,355
8273,190
2429,913
1765,695
6726,341
6725,552
6727,52
1665,59
3932,72
2431,169
7262,297
2430,545
8274,257
978,719
2433,1412
6932,1289
1668,991
1667,1090
2432,416
2435,1380
1670,2067
1672,2462
2434,703
1666,667
1669,1755
1674,1573
1671,179
1673,3387
1675,924
1680,516
1684,653
1677,614
2439,233
1683,130
2440,335
1687,163
1682,370
2441,458
2436,534
2438,532
1679,750
2437,288
1688,132
1686,363
1676,178
1681,308
2442,441
1685,662
1678,722
2443,385
1689,563
1690,244
979,711
2447,543
2446,432
2449,491
5164,200
1694,250
1695,149
1692,72
2450,75
2444,231
2448,128
2445,157
2451,173
1693,62
1696,273
5165,131
2452,153
1691,129
2454,241
2455,98
2456,79
2460,33
2462,21
2463,187
2464,523
2466,304
3913,41
4800,537
2459,489
2467,129
7863,0
2461,233
2468,252
2458,276
2453,37
2469,15
2470,0
3912,22
2465,563
2471,457
2472,78
4842,0
1697,181
2457,192
2476,82
2474,24
2473,257
2475,300
2477,191
1698,77
1699,104
4469,68
3794,66
7500,495
7503,559
7501,356
7504,466
7505,232
7508,531
7509,1061
1800,460
7502,564
7506,283
7510,294
2478,431
2479,467
2481,1275
1793,2320
2484,977
2483,756
2485,350
1795,793
2486,840
1700,538
1794,363
2488,1271
2480,976
2482,1266
2881,197
2489,628
1798,601
2490,199
1799,187
7507,189
1797,358
1796,212
2487,620
1702,906
1701,997
1707,1679
1703,145
1708,774
1704,681
1706,39
1705,633
2491,163
1709,150
5166,130
2882,193
2493,504
2492,528
2494,92
2496,428
2497,375
2495,571
8275,744
1710,926
1712,969
1713,161
1715,280
1711,227
1716,59
1714,245
7511,300
2498,24
2500,382
1717,476
2501,365
1718,83
1720,404
2502,203
1721,256
2505,919
2508,808
2504,246
2503,263
2509,228
1724,995
2507,1228
1723,128
2506,695
2499,999
1719,285
1722,517
2511,202
2513,128
6728,177
2510,74
2512,102
2531,68
2532,94
2530,53
2537,593
2539,375
2538,182
2545,297
2535,11
2546,1935
2542,47
6729,36
6730,8
4470,6
6731,31
2552,39
2549,18
2553,589
2555,20
2550,39
4471,45
5168,79
5171,820
5174,305
5176,224
5178,919
1841,877
5180,346
1842,154
5182,866
5181,601
4857,641
5184,97
4855,751
2529,36
4860,406
1728,654
1727,1039
1730,1063
2551,26
1845,1311
1846,61
1731,1105
2516,947
2518,149
1733,131
1734,131
2519,158
1736,51
1738,27
1737,122
1735,11
1742,6
1740,39
1744,13
1743,6
1726,1495
1745,11
5185,22
1725,16
2522,1275
2517,450
2540,1050
2536,31
2556,88
2525,879
5172,622
1843,115
766,703
1746,1227
2547,389
1732,40
5170,476
2524,1048
1851,1377
5167,46
2520,50
2533,30
5179,340
2541,758
4859,118
1741,10
2514,389
1729,557
2543,29
2544,84
2523,356
5173,72
5175,164
2534,51
2554,14
5177,365
5169,462
1739,48
2527,920
2548,187
2515,32
4861,0
2521,122
2528,80
2526,979
5183,1
1847,65
1850,17
1848,42
4856,18
4858,9
4854,1
1849,247
1844,96
4472,65
6732,145
3795,112
6733,85
3968,3
5186,58
3798,181
5189,488
5191,232
5193,33
3799,128
5195,671
5188,975
5194,78
3800,179
5190,113
5187,284
3804,38
5192,64
3796,271
3803,69
6734,258
3797,62
5196,124
3801,48
3802,166
6735,419
3805,2045
8277,1738
8278,2510
2558,1813
2561,258
8279,2931
5198,2078
6738,531
5199,1273
2559,1816
2557,1318
3808,866
6736,224
2560,755
6744,265
6737,1070
5201,1471
6745,2633
6746,260
6739,747
6742,1406
818,1001
6740,588
5202,514
2563,679
2562,1096
6741,887
3806,462
5200,535
3807,585
8276,1332
6743,521
8772,828
5197,1865
4964,251
5203,531
6966,47
2564,168
2566,637
5204,114
2565,142
1801,133
2567,507
2568,607
5205,687
6965,542
2570,472
5206,97
5211,101
2573,366
5213,244
5210,166
5209,351
5207,93
5212,112
5214,164
2572,241
2569,271
2574,30
5208,163
2571,29
3873,852
7512,522
6747,1745
6748,1825
2577,287
5216,913
4692,1675
2580,543
5215,729
5218,1123
7809,801
5219,788
7810,898
4736,1154
2582,1142
5220,1246
3810,923
6750,961
2581,948
5221,572
5217,947
2575,572
2576,445
2578,542
7768,280
2579,136
7811,1417
3874,619
6749,790
3809,723
4003,1145
8280,2196
8282,1332
8674,1870
3900,2113
8281,1395
2583,1760
2584,353
2586,1225
2587,188
2585,1715
5223,31
5224,24
5225,7
7514,24
5222,4
7513,10
5227,87
5228,18
7515,51
5230,57
5226,26
5229,54
2588,1428
2592,491
2594,723
2589,808
2590,183
5234,910
2597,1143
2598,464
2591,1477
4660,1484
2599,547
2600,253
2593,1488
5233,575
5235,557
5232,896
5231,1531
5236,166
2595,858
2596,840
5238,362
5240,168
5239,139
5241,182
5242,177
5243,210
5237,257
2884,32
2883,20
7570,35
7571,37
5245,266
5246,158
5244,105
5247,298
5249,531
5248,413
5251,286
5256,94
5259,37
5261,216
5260,195
5263,270
5250,408
5257,247
5264,263
5252,210
5253,331
5254,50
2601,87
5255,278
5262,93
5258,72
5266,266
7517,92
7516,120
5267,156
5265,39
5268,182
5269,136
2603,149
1749,274
1751,366
5271,445
5272,230
5270,291
5273,51
1756,274
2602,284
1755,99
1757,294
1760,406
1759,669
1758,270
1761,286
1856,663
2605,828
2606,151
1754,778
2607,346
1750,791
1748,999
1747,261
1752,367
1859,463
2608,134
1857,152
1858,366
2604,1037
1860,255
1753,596
2609,331
5274,96
5275,261
3875,38
5276,152
5279,126
7263,46
5278,795
2885,324
5280,170
3876,309
5277,93
2610,715
5282,1531
5281,624
2613,533
2614,306
6285,275
8933,352
2611,743
2612,757
2615,246
2616,57
5284,104
7519,55
7518,120
5283,83
1984,8
5286,528
5292,725
5295,147
5289,411
5297,663
5285,183
5287,193
5299,95
8283,268
5291,190
5294,228
5300,52
5288,673
2618,95
5293,113
5298,575
2617,777
5290,620
5296,152
2620,608
2621,72
2619,124
2886,349
6751,784
6753,201
5301,64
2623,639
5302,522
6754,105
2622,292
2625,46
6752,136
4473,288
2624,257
6755,716
6761,198
4734,317
2626,443
6756,303
2627,700
2628,330
6758,485
6757,171
6759,524
2629,400
2630,341
6760,424
4735,108
4895,117
4896,31
4894,103
2631,277
2632,461
6762,1045
2637,242
6764,913
2638,429
2640,548
5305,933
2633,1118
2642,1151
5306,211
5309,487
5307,249
6286,205
5304,171
5303,188
2634,243
6766,141
6765,605
5310,25
2635,1491
6287,1184
7264,608
2643,319
2641,431
5308,817
6763,142
2636,315
4695,524
2639,568
6768,647
5313,338
5314,349
6770,376
5322,191
5317,54
5315,36
3115,233
5320,157
5316,196
5321,560
5311,222
2644,83
5318,314
5319,146
1789,410
6769,218
5312,164
5323,228
6767,180
6963,109
5326,133
5325,83
5324,176
5330,229
5329,79
5328,185
5327,57
5331,209
2645,384
5333,230
5335,402
2646,175
2647,122
2648,16
2649,73
5337,314
5332,210
5336,43
3811,86
1762,277
5334,491
3812,173
3813,311
4733,472
3814,1909
5339,1058
5338,421
5341,333
3815,1357
5340,1920
2651,15
2652,8
2650,17
2887,6
7266,492
7789,415
8760,248
8757,69
8684,102
7784,33
8287,924
8685,321
8690,939
8691,134
5343,805
8699,600
8727,294
8288,439
8729,257
8692,130
8693,223
8285,201
8919,22
8694,489
8688,635
4708,449
910,372
1802,255
8756,317
8768,734
5342,875
8755,397
911,888
8928,723
8586,1581
7267,217
8289,307
7269,738
7270,291
8291,964
8683,34
7873,1041
7871,248
7872,547
7880,174
7914,1456
8767,866
8758,248
8759,275
8918,37
7875,1342
7265,744
7879,1643
7874,175
8761,822
8927,572
7881,729
1803,572
7869,960
7802,33
7870,0
8687,303
7882,1288
8292,678
7878,4
7883,890
885,576
8929,632
7885,1402
8769,126
7788,26
7782,283
7786,500
7801,1614
8728,1703
8697,641
7787,149
8689,555
7785,121
8926,28
8754,585
8290,715
8695,1374
8696,1325
8286,474
8284,820
7800,927
7799,1026
7268,605
7798,1103
7790,986
7884,1340
8681,0
7783,5
8914,115
8908,133
8698,1707
8725,912
8726,34
8686,6
8791,0
8792,0
8916,0
8915,0
8913,0
8911,1
8912,0
8682,473
8796,391
7913,73
8797,1297
8863,1232
8917,0
7961,0
7960,0
7959,1
7975,4
7974,0
8826,5
8835,2
8839,2
8831,0
8827,1
8910,2
8837,0
8838,0
8836,0
8909,1
8828,1
8834,11
8833,9
8832,0
8830,1
8829,162
7962,0
7963,0
8813,2
6871,108
7271,138
7521,194
8587,307
7520,23
7524,143
7526,28
2653,15
7525,195
2654,2
8588,48
7522,47
7272,68
7523,53
2656,646
2657,76
2655,234
5347,92
5345,493
5344,143
5346,280
5348,190
4965,90
7866,55
6300,44
7867,377
6298,31
6305,54
6303,58
6299,189
6307,190
3120,96
6781,100
6309,919
6782,78
6310,26
6779,49
6314,87
6313,217
7404,249
6302,86
6317,1231
6316,30
6301,58
6319,65
6783,1598
7886,319
6321,218
7408,98
6306,70
6780,329
3124,172
3119,513
6784,635
3122,383
7409,604
3126,530
3127,129
3125,418
6323,203
6324,115
6308,75
6322,645
6327,488
6325,151
6312,91
7411,1894
6772,98
3116,35
6787,98
6326,64
3121,94
4474,235
7407,1576
3117,408
6776,75
6771,232
6288,561
6304,124
6320,269
6786,748
6315,1631
7403,1783
6774,1339
7406,1833
3123,1980
6778,365
6291,491
5349,632
2658,1281
5350,538
6292,820
6294,201
2659,287
6293,428
6295,490
6289,376
6318,1539
6296,969
6297,723
6290,1478
3118,456
4843,1233
7868,1972
7410,1352
6773,267
6777,905
6775,174
7402,329
7405,263
6,100
7401,6
6311,131
6785,899
5351,76
2663,124
2662,45
2660,56
3816,39
2661,47
2666,678
2665,804
2664,530
8534,1021
2667,189
5352,480
5354,219
5355,178
5356,299
2669,267
2668,161
5353,377
5357,173
2670,105
6788,278
2671,210
5359,315
5360,261
5358,126
5361,107
5362,378
5364,284
2672,479
5363,419
5365,341
7528,609
7532,778
5366,631
7527,113
7529,349
7533,60
3877,176
2673,115
7534,149
7531,1101
7537,1118
5368,125
7536,258
5367,342
7538,207
7535,537
7530,321
825,58
5369,332
7541,375
826,37
830,273
7540,132
2676,23
2678,414
2677,426
2679,121
2674,96
7539,415
2675,118
827,131
6789,744
6791,826
8293,1124
4940,1058
8770,728
7274,1425
7273,1516
4943,440
4944,251
4942,789
6790,302
2681,668
4941,1192
2680,381
2682,108
2685,147
2686,172
2684,109
2687,38
2683,58
2888,330
2891,1128
2897,978
2689,184
2898,468
2892,1065
2900,1249
2985,145
2893,160
2896,1632
2691,1019
2690,2498
2693,311
6793,1438
2698,589
2696,964
2702,1291
2700,273
2705,639
6792,1077
2697,616
2895,930
2688,53
2707,159
2692,108
2694,202
2699,411
2706,547
2894,60
2695,116
2890,463
2701,164
2703,1660
2704,1274
2708,1184
2889,867
2899,1147
6794,1120
828,837
2901,687
2986,2183
2984,162
3966,0
4661,74
3965,12
4662,393
2710,1016
2713,494
2711,196
2714,173
2717,265
2709,591
2718,317
2715,546
2716,862
4893,607
2712,855
8935,474
8934,249
8930,181
8296,139
8295,307
8294,312
8297,102
2719,433
2723,126
2721,387
5370,261
2722,179
2720,199
2725,1179
2729,661
2724,238
2727,440
2731,454
2728,560
2730,388
2732,571
2735,442
2734,433
2737,62
2733,519
2736,99
2726,241
767,137
7313,1046
2738,826
7318,1848
7323,636
7327,176
7574,1432
7412,804
7418,1408
7328,875
2739,243
7279,759
6328,635
7283,2554
7420,1418
7288,2198
7290,1400
7417,1468
7282,1968
7326,1633
7277,627
7293,1283
7295,2152
7428,1201
7330,1189
7287,1235
7431,673
5373,1532
7284,1490
7285,2113
7275,2175
7297,1950
7423,886
7331,1269
7299,2079
7429,1938
7430,1095
7304,905
7305,2676
7278,2333
7281,2427
7415,1477
7414,313
7315,2340
7314,791
7425,1221
7286,1998
7306,1157
7325,1044
7308,913
7296,1998
7276,579
7426,1082
7416,1633
7310,497
6329,407
7289,1208
7291,1280
7309,1183
5372,784
7316,493
7324,1793
7301,1129
7294,2782
7413,682
7300,2367
7317,1686
7422,991
7307,1846
7311,1672
7302,1164
7320,1825
7292,2469
5371,631
7319,957
7298,2290
7303,2245
7280,2316
7321,2094
7322,777
7329,2073
7312,1640
7421,2219
7419,609
7424,1072
7427,1437
7575,2729
7908,1147
7909,2085
7907,2699
7949,2362
7954,864
7953,1433
7955,1244
7957,463
7956,1136
7952,1514
2740,787
2745,750
2743,805
2746,33
2744,400
2742,444
2741,29
2748,71
2749,79
2750,251
2751,487
2754,360
2753,369
2752,531
2747,803
8299,143
1501,60
8298,14
2755,116
2756,76
2757,74
6930,942
6931,696
2759,1318
2810,751
7808,1337
2903,113
2758,834
7803,23
2904,89
7804,166
7805,28
2762,767
2906,39
2761,56
2907,178
2905,795
2926,1892
7806,40
7807,287
3909,552
2902,622
2763,867
2760,426
2765,448
2764,509
12,523
2784,788
2788,281
2787,141
3878,193
2785,355
2786,209
2792,178
2794,92
2795,19
2796,73
2801,788
2793,118
2802,681
2798,280
2805,598
2797,101
2806,468
2803,316
2799,217
2800,137
2809,215
2804,187
2783,763
2147,130
2789,828
2791,705
2808,472
2790,398
2807,137
3128,420
3129,141
2,325
3136,81
3135,260
3131,222
1817,85
1816,140
3142,101
3143,177
3144,304
3130,80
3145,398
3134,74
3138,188
3140,144
3132,12
3141,132
3133,119
3137,18
3146,150
3139,89
3147,328
5374,489
3148,524
3149,351
3151,78
5376,442
3150,168
3152,97
5375,643
3224,260
3233,617
5394,1066
3154,381
3161,514
5381,1056
3164,55
5383,1117
2813,561
3171,481
3175,145
3173,215
3181,78
5384,149
3183,173
5378,222
3187,509
3163,653
3922,1266
3195,411
3193,144
5385,90
3172,963
3185,51
3174,154
5386,1512
3179,113
4475,96
5377,985
5392,5
5389,37
3205,441
5391,49
3184,54
3207,57
3176,135
3197,160
5393,14
3231,106
3189,1701
3211,26
3191,146
3215,41
3198,46
3219,17
3220,19
3203,22
3221,263
3223,333
3226,104
3229,280
3166,60
3234,87
3208,146
3180,115
3216,84
3214,108
3192,301
3228,347
3199,45
3200,25
3212,50
3156,764
3241,362
3242,1029
3227,287
5387,949
3235,117
3240,261
3204,320
3247,124
3245,213
3248,92
3249,98
3201,105
3217,40
3218,11
3202,107
3165,74
3250,72
3190,1650
3168,54
3213,80
3222,122
3210,19
3225,186
3238,253
3244,563
3246,101
3188,143
3169,682
1971,518
3194,254
3162,402
3155,84
3236,88
3237,89
3157,121
3167,35
3206,213
819,776
3182,412
3230,663
3209,53
3177,66
3158,522
2812,1758
3178,83
3232,129
2814,371
3170,282
3159,590
3251,27
5379,63
3239,487
3243,917
5382,1022
3196,426
3160,928
3186,507
3153,321
5380,1102
2811,595
5390,769
5388,1357
4002,935
3921,652
3253,293
3252,441
3255,857
3254,569
3257,103
3258,98
3262,86
3256,108
3261,150
3260,84
3259,103
2816,112
2815,187
3266,81
3267,5
3265,391
3268,761
3269,602
3270,996
3271,843
3275,291
3263,178
2818,418
3274,379
3264,551
3272,731
3279,1140
3283,783
3281,840
3285,659
3289,553
3286,108
4477,560
3277,1209
2817,660
4476,698
3276,915
3282,921
3290,1460
3287,462
3278,437
3273,1074
3280,901
3288,619
3284,639
3292,302
4511,10
3297,468
3302,204
3295,192
3294,449
3298,260
3306,854
3296,221
3303,140
3880,203
3879,311
3307,80
3299,390
3293,220
3308,178
3305,78
3300,110
3301,350
3291,488
3881,490
3309,66
3885,57
3882,30
3883,683
3884,265
3304,280
2908,168
3311,832
2910,952
2911,582
7542,259
3313,301
3314,102
3315,333
3312,148
3317,250
3320,138
3321,238
2909,1013
3318,179
3322,178
2913,100
3316,74
2912,311
3310,939
3319,191
3323,1943
3324,982
3327,623
3325,532
2821,935
3818,866
3817,1227
2820,1368
2819,710
4956,522
3330,582
2823,637
3819,922
2825,1689
2826,367
2827,618
2822,688
2824,541
7573,655
3329,714
3328,709
6981,802
3331,713
7543,1028
3886,565
4507,1764
3332,920
3887,919
3335,601
3334,1924
3336,510
3337,969
3333,1342
3326,1628
3340,1700
3341,988
3339,1183
3338,1103
7544,697
4410,1233
3342,1323
4409,2048
3888,1021
3889,1260
4411,515
4415,161
4414,119
4416,45
4418,436
4419,128
4417,31
4412,157
4413,83
2828,588
2829,448
4423,133
3344,329
3343,46
4420,30
4421,335
3345,100
4422,152
4424,169
4426,218
4427,604
4429,584
3347,1017
3349,1914
4844,250
3351,318
3350,287
2914,665
3352,140
3353,63
3346,199
3354,326
4425,438
4430,1734
3348,517
4433,90
4431,1383
4428,1394
4432,484
3355,959
3359,804
3360,1213
3358,995
4436,1200
4434,714
4438,261
3362,264
4437,266
3820,580
4439,267
3365,1346
4442,100
4443,1874
3356,2109
4435,974
3357,1083
4478,458
4440,157
3361,438
3366,186
3363,233
3364,118
4441,90
2830,74
4444,51
4446,3
3368,41
3369,30
3367,11
4445,222
3373,620
3374,315
3371,737
3370,306
3372,441
1820,417
1819,472
1818,394
2831,2426
3826,1354
3825,1012
3380,1059
3821,620
3382,2750
3375,896
3384,2138
3383,2568
3385,2442
1808,1591
3379,1249
4479,1800
3381,1805
3823,1660
3378,2603
3822,2036
1809,1823
3376,2193
3386,1291
3824,1472
3377,1691
7545,70
2915,255
4508,204
829,163
3391,366
3387,406
3388,191
1987,137
3389,168
3390,43
4447,44
4451,255
3392,304
3394,301
5398,494
3396,124
4449,171
5399,117
4448,70
3397,289
5395,101
5400,128
4450,79
3399,206
3393,47
3401,68
5396,89
3398,217
3400,98
3395,74
3402,67
5397,84
3409,42
3412,117
3403,165
3405,27
3406,83
3407,25
3408,188
3410,56
3413,132
3411,79
3404,211
3414,94
3417,403
3422,294
3420,51
3418,105
3416,115
3415,103
3419,267
3421,130
3423,74
3424,113
3425,118
5402,81
5401,63
2832,66
5404,386
5407,466
3428,317
3426,275
5405,651
3427,709
8300,22
3432,164
8535,482
5408,123
3430,84
3429,48
3431,312
5403,100
5406,156
8301,2228
1813,1867
1814,137
1812,1175
8302,1316
8304,2683
8303,1535
3437,1783
3433,743
3435,2638
3438,324
3440,946
3434,1467
3436,3094
3439,2879
1810,529
1811,1271
3441,575
5412,50
5410,558
5413,139
5414,91
5415,78
5409,378
5411,366
3443,370
3442,237
3448,433
3453,788
3454,1185
3447,658
3450,381
5417,427
3449,831
3455,1141
2917,813
5418,289
3451,370
5419,529
2916,409
3458,246
3445,175
3446,478
3444,117
3456,804
5420,573
5416,407
3452,574
3457,969
3460,943
3462,755
3463,155
3465,137
3459,488
3466,789
3464,43
3461,146
3468,439
5422,110
5424,95
5421,156
3469,170
3470,150
5425,161
3472,337
3471,450
3467,192
5423,6
5426,1158
5427,1321
3473,558
5428,401
6796,875
7846,984
1763,901
3474,452
4747,292
4748,302
6795,255
5430,114
5432,572
5433,168
5434,409
5429,183
3475,410
5436,87
5443,1429
3477,930
5439,448
5440,22
5444,73
4960,125
5442,641
3476,1295
3479,1673
5431,162
5438,328
3480,449
3478,290
5441,605
5437,275
4959,29
4945,599
5435,19
6853,461
6856,321
6855,154
7547,236
6854,166
7546,411
7950,62
3481,218
3484,186
3483,51
3482,280
3486,56
3485,134
3487,968
3489,364
5446,257
5445,644
3491,72
3490,503
5448,229
5447,67
3488,411
3492,283
3493,335
3494,133
5450,157
5452,23
5451,105
5449,138
2833,386
3496,166
3499,338
3498,927
3500,265
3495,305
3829,373
3497,584
3828,714
3503,208
2834,475
3827,418
3502,266
3501,583
3509,38
3504,97
3505,67
3506,60
3507,67
3508,105
3510,258
3514,55
3515,55
5493,1043
768,369
5500,2073
5497,376
5498,799
5504,587
5495,44
5508,703
5491,107
5509,258
5492,22
5496,556
5499,2598
5507,60
5501,471
5488,41
5502,2291
5456,112
5458,702
5459,135
5494,892
5464,957
3511,1218
5460,614
5470,1755
3512,812
5467,2144
5468,1873
5462,1171
5510,164
912,513
5457,250
5475,952
5478,824
5471,122
5476,2544
3513,1817
5482,1968
5474,375
5481,1181
5466,703
5505,400
5503,142
5453,116
5454,39
5484,1116
5455,1029
5480,1323
5465,1646
5461,1485
7822,1500
5463,1588
5489,85
5483,586
5487,6
5469,48
5485,35
5506,170
5473,179
5477,1959
5486,73
5472,161
5479,161
7820,1682
5490,67
913,118
7823,76
7821,1603
7818,10
7817,43
7819,8
3516,622
3517,895
3519,761
3518,754
5512,283
5513,306
5517,150
5516,126
5515,18
5518,554
5519,97
5514,190
3520,226
5511,493
3521,492
3523,624
3942,136
3940,223
3525,236
3941,275
3524,453
3522,188
1766,125
5520,81
3527,135
3526,101
5522,133
7548,133
7549,127
5521,104
5524,154
5526,270
5523,358
5525,152
5527,212
5528,377
5531,335
5529,90
3530,118
3528,200
5530,17
3529,112
6461,461
5597,640
6361,22
6364,3
6365,466
6362,27
5614,34
5622,441
5624,134
5634,106
3558,206
6363,59
5654,1159
5658,391
8367,1286
8369,1041
5684,280
3610,1401
6460,20
5685,17
5691,5
3613,5
1821,0
6371,116
5675,359
5693,24
1502,51
3597,270
5701,10
6445,20
5702,25
3532,245
5532,98
5535,58
993,0
5638,120
5615,79
6453,25
6436,25
3557,266
5635,344
5617,44
3540,89
5671,597
5623,112
5670,556
5543,20
5700,520
5533,101
5546,1250
3533,583
5564,880
5570,54
6332,279
5574,34
3625,30
5577,415
5579,374
5662,449
3563,206
5588,226
3569,251
5601,54
5604,34
5576,44
5578,419
5608,500
8352,338
4014,178
5627,293
5575,9
5625,662
8353,1170
3598,61
8067,155
5656,993
5626,559
5559,1950
3834,45
6413,582
3615,137
5607,104
5598,529
5581,33
1164,70
5673,282
5641,515
5596,262
5657,566
5563,481
3539,138
8386,1098
5560,321
5599,426
6340,163
3586,317
5589,41
5639,162
4017,83
8368,1368
5683,122
3602,828
3538,61
3531,587
5629,366
4015,123
6401,224
5612,963
5653,898
8741,89
3537,17
3541,1134
3550,379
5677,0
989,272
987,0
3630,0
5676,1076
5661,413
6423,346
8311,246
8376,405
8743,0
8387,7
1825,12
3626,23
6961,0
1826,5
5616,111
6958,40
8744,0
5620,0
5655,1372
4828,10
995,0
3589,1
988,780
4839,3
8742,188
5637,237
991,6
5660,191
8370,67
1788,9
4830,18
1786,0
4840,2
5640,223
5582,244
5694,177
6331,66
5545,15
6412,12
3588,55
5692,17
5678,23
3587,27
6448,245
5699,78
4847,1
8739,108
3609,911
6417,0
4019,9
4846,85
4833,0
6948,0
5705,0
4834,0
6949,0
5605,1
4835,29
6330,0
996,3
994,55
992,156
7876,0
1822,44
4829,0
5606,33
8377,289
5703,0
5704,0
1785,218
7445,0
1006,4
1828,5
6962,3
990,17
4845,15
4816,0
6947,0
8740,120
4832,0
7877,49
4838,8
8393,395
5672,927
8395,297
1823,0
4831,0
1827,0
3919,0
3945,46
3947,7
3943,1
3946,0
3988,122
8904,269
8897,770
986,0
5707,329
6457,864
8306,663
3542,204
3544,509
4018,1619
5547,370
8589,716
8593,551
3535,477
5687,660
1824,0
5583,139
6335,868
4824,133
5572,165
5584,222
5571,394
8537,256
8541,773
8319,258
5573,503
5602,131
5603,953
4480,456
3573,811
8539,157
5586,911
8305,78
5587,892
5585,113
5706,535
4016,814
5628,988
3580,1296
6341,863
5631,322
8361,111
3564,301
5679,954
3562,645
3592,470
8320,462
6435,243
4020,405
5591,305
6375,1097
4481,296
3590,267
5632,102
4848,2
5645,173
3536,541
8375,450
8745,230
6951,131
6447,802
5536,889
1159,580
5665,802
6419,1430
5566,890
8536,238
5590,600
5666,853
6374,1255
3607,289
6392,418
8327,470
3591,664
6349,905
5644,271
999,45
6952,321
5565,227
6424,399
6414,496
6415,868
6390,1158
3545,876
8592,1332
8596,519
5680,60
3551,420
5633,72
5593,93
8540,6
5592,2
3552,621
8542,40
8349,68
5643,0
1158,721
3620,859
8738,69
998,756
5689,371
8378,549
3599,457
3608,370
3618,382
5609,9
8591,362
5537,194
3546,246
6348,167
5708,195
8343,403
6391,812
997,157
5688,580
3628,420
6456,586
1163,1481
4825,0
6437,189
3574,584
5664,407
1161,1333
5681,265
6334,1181
586,415
6418,761
3629,486
8538,170
3619,353
3842,7
6451,694
4482,247
6350,688
3553,177
7446,0
3543,4
3840,0
5548,454
3616,0
4023,0
6455,1
5600,0
4021,0
8590,162
4022,72
3841,8
8066,8
8316,630
6333,793
8597,1026
8068,458
3623,841
8766,168
8735,7
8736,4
4826,57
6950,3
8765,80
8737,25
4823,0
985,0
4976,0
4975,0
8906,612
8907,687
5538,510
7550,1619
5549,490
5551,1148
3830,968
7180,1736
8322,1200
5540,638
8328,1345
3565,1419
8337,1352
6351,1641
8321,1223
7552,1037
6354,623
6356,389
4503,687
8748,16
5557,805
6368,632
3611,561
5569,627
6449,555
6458,802
8307,1132
6393,1117
5619,1036
7864,2
6396,523
8332,378
6397,1576
6404,658
6367,977
5556,830
6338,1962
5618,525
8344,576
4502,912
4504,1026
5667,1011
8372,862
6373,403
6403,1815
5542,1007
5647,666
5554,664
6366,638
5555,694
7340,440
8338,846
6355,910
7551,1617
5697,905
5698,1732
6336,838
6353,418
5539,271
6369,644
3617,598
5552,553
8360,2071
6395,833
6337,1718
6427,661
5648,900
3627,686
8391,914
2835,1122
8751,1123
4499,253
8362,1951
6343,695
5550,376
8310,1174
4013,545
3547,1334
8323,2040
3567,992
3549,993
5568,1894
5709,624
8312,1058
3831,1206
6352,552
5646,0
6372,9
8359,766
6402,715
6438,2115
6425,304
6426,829
3622,0
6940,0
8373,1037
3832,455
7553,58
8309,868
8371,1722
7865,209
4837,830
6394,782
6439,696
6428,1503
5710,627
6429,948
6416,622
8594,626
6342,974
8595,1041
3548,1080
8390,1514
5553,6
2918,897
8379,1178
8339,1002
3600,1400
8389,1588
984,0
6452,79
769,1
8331,1499
8315,905
5668,106
5541,0
8380,435
3554,0
3566,26
5567,0
6408,0
6407,0
6450,0
8388,115
8314,355
8366,575
7332,1016
8392,1036
8396,1225
983,1
982,0
6945,0
4809,5
4810,2
6944,0
6943,11
6942,51
8750,186
6941,2
8749,297
8899,1345
8905,1220
8900,1220
8898,580
5711,81
3556,447
3559,169
8334,349
3835,430
1162,291
8329,1601
8342,1133
8346,1622
8348,1276
6359,50
8324,62
5686,1
8351,389
3568,231
6446,262
6399,1609
3570,102
3560,84
5558,1648
5659,683
8753,128
3612,75
2837,1112
6400,28
8326,824
6360,50
8336,125
3624,191
3595,115
5534,202
5630,226
3572,62
3584,86
3838,114
5669,352
3601,724
6421,313
3605,744
3561,110
6370,96
6444,350
2836,121
3833,839
6433,454
5562,1078
3594,346
5613,500
3596,525
8325,167
4500,751
3837,545
5580,253
6440,416
5652,102
5561,443
3836,1085
6344,266
6411,1138
6405,421
5651,81
5695,65
3606,343
6345,340
6430,944
5594,295
6339,248
5663,1236
6443,98
8382,969
3614,103
8363,1197
4814,48
5621,254
2838,413
1001,4
8374,805
3839,300
5595,113
3534,60
6398,529
8364,734
6420,179
6431,674
6442,118
5650,105
6441,13
3621,681
1787,17
5696,359
8335,1008
6358,880
6432,857
5674,793
5649,576
3582,361
1160,2
3583,1284
5,0
8330,1164
5611,103
8384,651
6357,1104
8347,239
6422,110
4505,93
5682,81
8381,681
8341,471
6410,3
8317,1180
8340,778
5690,444
6346,3
6960,11
4841,0
4827,379
6946,10
4815,83
6957,0
3555,180
3581,346
3571,1
6347,27
3604,87
3593,346
6434,259
8350,891
5544,139
8383,1084
3603,0
8365,1149
8385,960
8345,588
6406,434
6409,1123
8318,820
8333,1139
3585,0
3916,14
3917,20
5642,4
1003,0
6454,1
8357,1296
8313,811
3918,0
3915,63
1002,21
4812,13
6959,0
8358,1495
4813,0
4811,1
1004,0
5610,7
4501,0
5636,0
1165,0
3920,356
8308,666
1005,125
6459,1079
8394,773
8752,0
3944,55
4974,0
3987,0
3986,0
3997,20
3983,11
3984,44
3985,9
3980,4
3981,2
3982,1
8794,1070
8901,475
8902,594
6466,1254
6465,875
6468,914
6471,1293
7555,945
7556,238
7559,231
7557,675
5712,135
6474,48
6476,322
6477,566
6467,688
6480,677
7554,705
7558,1039
5713,138
6470,840
6482,1019
6475,1032
6483,1040
6484,1423
6485,2321
6472,2753
6473,878
3632,324
3631,1033
6464,751
6469,647
6479,544
6478,1362
6481,519
6462,2100
6463,482
6486,71
6489,66
6487,85
6488,101
5714,203
5718,705
5717,216
7341,192
2839,316
5716,407
5715,130
5719,176
6490,149
3633,133
5721,49
5720,110
5726,43
5730,208
5731,289
6492,298
5732,139
5736,605
5722,464
1840,171
6491,165
5734,456
6493,71
5733,144
5727,450
5735,327
5729,962
5725,54
5728,85
5723,238
5724,516
5739,236
5749,255
5741,426
5743,530
5745,85
5746,140
5747,518
5748,326
5738,601
5744,1591
6495,1164
4849,55
5750,977
6498,2001
6494,2399
5740,1076
5752,14
4853,533
4850,71
6503,1482
6502,681
5742,294
5751,210
6499,2001
5737,51
6501,1005
4851,242
4852,1510
6496,752
6497,583
4993,828
4994,264
6500,328
6504,1419
6519,478
6927,108
5806,249
6928,214
5857,1098
5756,918
5757,149
5856,138
6525,361
7780,1217
5763,637
5758,170
5796,870
4697,53
4698,0
4701,0
4702,125
882,30
7778,0
4700,29
4488,46
4483,84
883,1337
6516,218
7779,0
6517,190
7781,0
879,0
6518,86
6802,110
880,0
6803,125
6558,158
881,0
6506,541
5800,761
8402,2637
4699,0
5859,290
6538,169
6801,44
4707,56
6520,429
5799,683
5797,743
6530,106
5801,653
4489,154
6507,132
5808,630
6800,481
5861,420
5798,371
8399,377
6533,137
5860,143
7765,330
4693,270
5858,165
5764,319
7766,166
6526,846
5802,514
6923,92
5777,361
5807,259
4484,1499
7828,0
6527,617
5781,395
5762,258
7829,244
5765,768
8400,545
5761,431
7852,316
943,355
5773,66
7853,10
8401,595
2993,250
944,129
5788,400
5780,335
5760,670
2840,2470
2842,1108
2841,829
6531,230
5786,313
5793,476
5792,463
5776,321
5785,175
6529,200
6528,528
5787,281
5754,1148
3911,351
5789,376
5791,237
5774,294
5767,590
6511,642
6510,553
5775,405
5766,791
5779,563
5778,604
5782,456
5784,507
5772,116
5790,812
5783,471
7854,166
945,286
5771,154
5794,380
5795,203
6532,196
5803,869
5822,220
6547,954
5824,903
5828,1010
946,5
6548,1416
2844,389
6553,2933
6545,513
5818,1116
6534,496
5833,785
4745,38
5832,1875
5826,993
6798,1590
4487,788
2846,213
6549,1007
6550,859
5769,191
948,232
6797,2303
4772,27
6522,456
5759,788
5770,717
6535,845
4486,1042
6523,598
5852,206
6514,707
6515,901
6524,546
6521,544
5755,932
4485,1418
5831,320
6556,387
4774,76
5851,463
6513,473
7855,247
5768,0
2847,2361
2845,721
5834,1069
6544,639
5823,230
5810,424
5836,1083
4770,250
4773,179
5811,659
2848,1724
5829,788
6799,393
5835,553
5830,380
2843,1045
949,668
5825,1033
5827,1525
947,167
8733,1766
8397,566
6552,1216
6505,693
6551,2435
8398,2086
6512,378
5805,367
5809,378
5821,269
5804,387
6537,107
5820,832
6541,219
6546,512
5849,152
6554,261
5819,253
5817,12
5816,148
4775,584
6540,164
7856,62
7857,237
7858,4
4776,90
5854,170
6557,216
5846,143
6542,202
5847,200
7859,83
6509,147
6508,117
4777,295
6543,425
6555,64
5855,284
4703,0
5845,165
4704,0
4771,799
4706,9
5853,158
6536,85
5753,152
5844,113
5843,334
5848,102
5814,232
4705,6
5842,88
5840,358
5815,203
5813,326
5839,315
5838,126
5837,284
6539,463
5841,324
5850,386
5812,389
4973,293
6560,402
6565,191
3635,141
6567,29
6566,196
6568,211
6570,317
6559,446
6564,167
6571,545
6561,62
770,214
6569,67
6562,141
4972,76
5862,29
3634,443
6563,32
3934,144
5863,330
4950,269
1975,617
6572,557
5867,65
5866,243
3636,332
6576,110
6575,210
6574,629
5868,57
5869,259
5870,775
5871,455
6573,258
5865,156
5864,597
4808,818
6804,1321
3844,732
3843,469
6577,327
6939,644
6579,957
6581,398
6938,791
4807,1112
4806,270
6578,504
6580,365
1784,233
6937,904
4889,598
4888,833
4887,186
4886,4
4884,63
4885,0
2920,197
5872,110
2919,136
5874,261
2921,48
5873,102
6582,408
2849,439
3845,401
6588,293
6586,654
6591,133
5876,292
6585,333
6584,90
6583,53
6587,184
6589,636
5875,364
6590,68
3637,333
5892,196
5882,32
5877,249
5890,95
5881,192
5880,298
5885,109
5883,192
5879,320
5886,1493
5891,135
5887,705
5878,704
5884,243
5889,17
5888,32
5900,729
5893,1168
5897,712
5907,528
5909,289
5898,1489
5901,730
5904,1024
5903,838
5895,464
5894,540
5899,1208
5896,1282
5905,627
3638,804
5908,746
5902,1437
5906,567
8404,78
8407,279
8406,392
8403,183
3639,463
3640,40
8409,235
8747,403
8416,291
8413,573
8545,203
3642,139
3643,244
8412,533
5910,66
3644,207
8415,165
8419,1652
8417,825
8421,685
8548,1797
8549,947
8546,805
8544,820
8547,1344
8410,474
8418,906
8411,252
8414,1220
3641,186
8746,207
8408,192
8543,2064
8420,90
8405,45
5911,82
5912,1032
5913,686
3646,944
820,581
7342,312
2850,1011
822,1443
821,301
3645,412
3649,215
3650,254
3647,1536
2851,463
3648,638
7432,1625
3652,697
3651,431
3653,342
3657,227
4961,385
5915,1309
7343,1581
5916,522
3654,20
3655,140
3656,313
5914,813
6592,193
3658,94
3659,623
5918,293
5917,178
5919,1221
6982,120
6983,665
6805,735
6857,259
3660,43
5921,511
5920,136
6860,271
6858,90
6859,51
3661,457
6593,211
5922,529
6595,406
6596,4
6594,27
1000,72
3662,865
3663,1125
3665,821
6954,631
5925,566
5923,628
6956,99
5924,1058
3664,647
5926,616
3666,469
3667,466
6953,218
6955,219
3694,94
3698,191
3699,91
8425,46
3700,197
8422,304
8423,249
8424,275
5928,171
5927,102
7433,83
8647,68
3973,79
8903,67
3675,134
3674,212
3695,207
3696,97
3693,177
3679,87
3669,451
3668,435
3682,150
3678,684
8648,273
3680,291
3974,154
3975,182
8793,21
3685,154
3683,350
3670,39
3672,143
3671,75
3681,13
5931,492
5933,341
3687,322
5934,416
5932,1028
5936,325
4652,491
6597,12
5929,48
4696,786
5935,551
3684,88
3976,157
3977,49
3978,71
5940,103
5941,113
5937,92
3688,129
3691,114
3689,62
3686,34
3677,171
3676,55
5942,58
5930,62
3697,87
3692,351
5938,384
5939,47
3673,34
6598,20
3690,313
3979,62
3847,756
5944,1101
6861,761
5943,1370
3846,129
2852,569
5945,1255
5946,873
3701,1030
2853,568
2854,477
7560,205
3703,143
3704,283
3706,266
3708,94
3705,59
3707,65
3709,85
4836,232
5947,392
3702,60
4928,146
4912,420
4917,1831
5956,582
4911,1120
4937,435
4939,21
5957,1479
3926,1509
4913,188
4914,169
4910,5
4915,197
4916,17
4904,1
4903,17
4905,26
4892,375
5949,1022
4899,331
4891,103
5950,1659
5951,1077
4933,173
4901,59
5960,0
4902,0
4900,50
3925,2
6980,328
4907,194
4906,44
5954,101
4935,99
5948,94
4923,109
5952,1770
4938,693
4908,140
4936,1
4934,0
4931,5
4930,55
4909,11
4932,41
3931,166
3930,22
4920,1029
4919,293
4918,778
4927,1254
4921,510
4926,1072
4922,441
4929,7
4924,12
4925,123
5955,244
5958,353
5959,401
5953,244
8428,504
8426,380
8427,485
5961,321
8429,949
7562,166
7565,203
6600,151
1983,180
7563,88
6602,84
7561,163
7564,85
1982,115
6603,162
6599,116
6601,14
8573,1002
8574,861
8430,516
8577,1215
7860,593
8734,478
6607,804
6814,562
773,456
8576,434
771,477
6606,397
6604,1081
6605,490
8763,686
6813,1484
5962,335
6815,573
8558,643
8575,1583
775,723
6816,1097
8570,1491
8891,624
8559,1352
8561,1465
8436,2172
8440,726
8441,716
8433,1445
8448,1039
8560,1315
8892,1336
8562,1484
8443,1097
8764,1653
8439,760
772,927
5963,492
8447,1630
8435,1359
8445,1289
8446,1448
8442,1563
8437,657
8571,705
823,808
8556,1609
3848,792
8762,1150
8434,1241
8563,1439
8449,1145
1815,1401
1804,623
1805,804
8550,177
8551,1628
8438,1896
8893,1249
8552,964
3849,1466
1806,1638
1503,1052
8452,2211
8565,1748
8564,2416
8894,1296
8566,2204
8553,1610
8554,2133
8569,1283
8568,652
6807,218
6806,731
8555,1740
8444,761
8567,1475
3850,228
8572,636
6812,831
6810,998
6808,274
6811,1452
1807,347
8431,436
6809,345
8432,988
8557,1072
774,1460
8451,871
8895,1310
8896,570
8450,1244
2856,808
3851,402
2855,579
6817,410
4971,744
6819,787
6818,868
6820,313
6821,270
6824,346
2857,952
6825,1255
3852,1235
6822,1078
6823,1848
2858,1130
2922,297
2924,89
6863,310
2923,320
6862,107
3854,1018
6864,1299
3855,404
3853,146
4506,828
7566,821
6889,667
3856,1185
3857,1097
3858,284
3859,270
7567,746
6827,426
6869,844
6828,667
6829,1118
6826,1416
6867,378
6868,201
6830,602
6890,517
6866,886
8598,1466
6865,57
8620,1680
2860,1305
6833,1314
6832,1027
2861,355
2936,209
6831,1628
2859,1314
2863,565
6835,1712
6834,1417
2862,406
6836,1168
6837,1280
2945,287
2864,413
2866,435
7434,219
2868,110
2867,245
2865,136
7436,1423
2870,125
7435,98
7438,218
7441,155
7439,109
2869,1773
7440,927
7437,715
6838,214
6984,139
7442,259
6985,132
2871,7
7444,10
7443,60
3860,67
2875,131
2876,79
2874,191
2872,61
2873,60
